"trial_number","mean_RT","sd_RT","n","se","upper","lower","model","fit"
1,2550.82385542169,1701.87798036559,83,186.805377107577,2737.62923252926,2364.01847831411,"Q",2516.38691707368
1,2550.82385542169,1701.87798036559,83,186.805377107577,2737.62923252926,2364.01847831411,"Q * gaze",2675.14340761547
1,2550.82385542169,1701.87798036559,83,186.805377107577,2737.62923252926,2364.01847831411,"Q + gaze",2562.23783907465
1,2550.82385542169,1701.87798036559,83,186.805377107577,2737.62923252926,2364.01847831411,"softmax(Q)",2662.01239300943
1,2550.82385542169,1701.87798036559,83,186.805377107577,2737.62923252926,2364.01847831411,"softmax(Q * gaze)",2464.16761695115
1,2550.82385542169,1701.87798036559,83,186.805377107577,2737.62923252926,2364.01847831411,"softmax(Q) * gaze",2823.12363167099
1,2550.82385542169,1701.87798036559,83,186.805377107577,2737.62923252926,2364.01847831411,"softmax(Q) + gaze",2648.12774549824
1,2550.82385542169,1701.87798036559,83,186.805377107577,2737.62923252926,2364.01847831411,"softmax(Q + gaze)",2572.49251947191
2,2681.68426829268,1394.54332297597,82,154.001547333724,2835.68581562641,2527.68272095896,"Q",2560.99336636912
2,2681.68426829268,1394.54332297597,82,154.001547333724,2835.68581562641,2527.68272095896,"Q * gaze",2671.19580001931
2,2681.68426829268,1394.54332297597,82,154.001547333724,2835.68581562641,2527.68272095896,"Q + gaze",2498.70888021406
2,2681.68426829268,1394.54332297597,82,154.001547333724,2835.68581562641,2527.68272095896,"softmax(Q)",2663.57025691019
2,2681.68426829268,1394.54332297597,82,154.001547333724,2835.68581562641,2527.68272095896,"softmax(Q * gaze)",2517.05711239447
2,2681.68426829268,1394.54332297597,82,154.001547333724,2835.68581562641,2527.68272095896,"softmax(Q) * gaze",2788.6416806745
2,2681.68426829268,1394.54332297597,82,154.001547333724,2835.68581562641,2527.68272095896,"softmax(Q) + gaze",2592.31697474101
2,2681.68426829268,1394.54332297597,82,154.001547333724,2835.68581562641,2527.68272095896,"softmax(Q + gaze)",2589.51266614528
3,2650.16913580247,1490.36722441333,81,165.596358268148,2815.76549407062,2484.57277753432,"Q",2533.92979428908
3,2650.16913580247,1490.36722441333,81,165.596358268148,2815.76549407062,2484.57277753432,"Q * gaze",2713.44897375022
3,2650.16913580247,1490.36722441333,81,165.596358268148,2815.76549407062,2484.57277753432,"Q + gaze",2526.08074720241
3,2650.16913580247,1490.36722441333,81,165.596358268148,2815.76549407062,2484.57277753432,"softmax(Q)",2649.9738995972
3,2650.16913580247,1490.36722441333,81,165.596358268148,2815.76549407062,2484.57277753432,"softmax(Q * gaze)",2516.06900580745
3,2650.16913580247,1490.36722441333,81,165.596358268148,2815.76549407062,2484.57277753432,"softmax(Q) * gaze",2798.68416567694
3,2650.16913580247,1490.36722441333,81,165.596358268148,2815.76549407062,2484.57277753432,"softmax(Q) + gaze",2623.36356562636
3,2650.16913580247,1490.36722441333,81,165.596358268148,2815.76549407062,2484.57277753432,"softmax(Q + gaze)",2623.22747348511
4,2940.81024096386,1751.05556178996,83,192.203317940706,3133.01355890456,2748.60692302315,"Q",2514.5277867441
4,2940.81024096386,1751.05556178996,83,192.203317940706,3133.01355890456,2748.60692302315,"Q * gaze",2648.41006701802
4,2940.81024096386,1751.05556178996,83,192.203317940706,3133.01355890456,2748.60692302315,"Q + gaze",2497.61259634207
4,2940.81024096386,1751.05556178996,83,192.203317940706,3133.01355890456,2748.60692302315,"softmax(Q)",2641.66325360335
4,2940.81024096386,1751.05556178996,83,192.203317940706,3133.01355890456,2748.60692302315,"softmax(Q * gaze)",2547.74817139587
4,2940.81024096386,1751.05556178996,83,192.203317940706,3133.01355890456,2748.60692302315,"softmax(Q) * gaze",2739.2995980874
4,2940.81024096386,1751.05556178996,83,192.203317940706,3133.01355890456,2748.60692302315,"softmax(Q) + gaze",2575.04735388232
4,2940.81024096386,1751.05556178996,83,192.203317940706,3133.01355890456,2748.60692302315,"softmax(Q + gaze)",2580.57047413224
5,2888.03036144578,1741.3309403347,83,191.13590206299,3079.16626350877,2696.89445938279,"Q",2523.80233797869
5,2888.03036144578,1741.3309403347,83,191.13590206299,3079.16626350877,2696.89445938279,"Q * gaze",2668.10430185817
5,2888.03036144578,1741.3309403347,83,191.13590206299,3079.16626350877,2696.89445938279,"Q + gaze",2507.80099573564
5,2888.03036144578,1741.3309403347,83,191.13590206299,3079.16626350877,2696.89445938279,"softmax(Q)",2610.18644246353
5,2888.03036144578,1741.3309403347,83,191.13590206299,3079.16626350877,2696.89445938279,"softmax(Q * gaze)",2530.14287506328
5,2888.03036144578,1741.3309403347,83,191.13590206299,3079.16626350877,2696.89445938279,"softmax(Q) * gaze",2756.83866730231
5,2888.03036144578,1741.3309403347,83,191.13590206299,3079.16626350877,2696.89445938279,"softmax(Q) + gaze",2598.3494232593
5,2888.03036144578,1741.3309403347,83,191.13590206299,3079.16626350877,2696.89445938279,"softmax(Q + gaze)",2588.0141710422
6,2725.73641975309,1490.73174102713,81,165.636860114125,2891.37327986721,2560.09955963896,"Q",2562.72784971565
6,2725.73641975309,1490.73174102713,81,165.636860114125,2891.37327986721,2560.09955963896,"Q * gaze",2626.19287167668
6,2725.73641975309,1490.73174102713,81,165.636860114125,2891.37327986721,2560.09955963896,"Q + gaze",2506.6924207411
6,2725.73641975309,1490.73174102713,81,165.636860114125,2891.37327986721,2560.09955963896,"softmax(Q)",2622.10233577267
6,2725.73641975309,1490.73174102713,81,165.636860114125,2891.37327986721,2560.09955963896,"softmax(Q * gaze)",2473.55641291633
6,2725.73641975309,1490.73174102713,81,165.636860114125,2891.37327986721,2560.09955963896,"softmax(Q) * gaze",2745.06798675172
6,2725.73641975309,1490.73174102713,81,165.636860114125,2891.37327986721,2560.09955963896,"softmax(Q) + gaze",2553.72163405235
6,2725.73641975309,1490.73174102713,81,165.636860114125,2891.37327986721,2560.09955963896,"softmax(Q + gaze)",2559.33009777838
7,2637.84768292683,1439.00443887672,82,158.911456213635,2796.75913914046,2478.93622671319,"Q",2518.60834813513
7,2637.84768292683,1439.00443887672,82,158.911456213635,2796.75913914046,2478.93622671319,"Q * gaze",2664.09153958635
7,2637.84768292683,1439.00443887672,82,158.911456213635,2796.75913914046,2478.93622671319,"Q + gaze",2514.35139743446
7,2637.84768292683,1439.00443887672,82,158.911456213635,2796.75913914046,2478.93622671319,"softmax(Q)",2611.2205175257
7,2637.84768292683,1439.00443887672,82,158.911456213635,2796.75913914046,2478.93622671319,"softmax(Q * gaze)",2524.66154201037
7,2637.84768292683,1439.00443887672,82,158.911456213635,2796.75913914046,2478.93622671319,"softmax(Q) * gaze",2767.59918953473
7,2637.84768292683,1439.00443887672,82,158.911456213635,2796.75913914046,2478.93622671319,"softmax(Q) + gaze",2601.84532877652
7,2637.84768292683,1439.00443887672,82,158.911456213635,2796.75913914046,2478.93622671319,"softmax(Q + gaze)",2589.25823895552
8,2777.66804878049,1699.689472781,82,187.699302332558,2965.36735111305,2589.96874644793,"Q",2485.45799684562
8,2777.66804878049,1699.689472781,82,187.699302332558,2965.36735111305,2589.96874644793,"Q * gaze",2688.48302577967
8,2777.66804878049,1699.689472781,82,187.699302332558,2965.36735111305,2589.96874644793,"Q + gaze",2518.97598102844
8,2777.66804878049,1699.689472781,82,187.699302332558,2965.36735111305,2589.96874644793,"softmax(Q)",2606.82965718267
8,2777.66804878049,1699.689472781,82,187.699302332558,2965.36735111305,2589.96874644793,"softmax(Q * gaze)",2531.11033652191
8,2777.66804878049,1699.689472781,82,187.699302332558,2965.36735111305,2589.96874644793,"softmax(Q) * gaze",2809.06185396222
8,2777.66804878049,1699.689472781,82,187.699302332558,2965.36735111305,2589.96874644793,"softmax(Q) + gaze",2634.86904600534
8,2777.66804878049,1699.689472781,82,187.699302332558,2965.36735111305,2589.96874644793,"softmax(Q + gaze)",2608.13995004842
9,2584.298625,1441.16549530144,80,161.127200716059,2745.42582571606,2423.17142428394,"Q",2490.40267730501
9,2584.298625,1441.16549530144,80,161.127200716059,2745.42582571606,2423.17142428394,"Q * gaze",2633.6549653128
9,2584.298625,1441.16549530144,80,161.127200716059,2745.42582571606,2423.17142428394,"Q + gaze",2478.00791429031
9,2584.298625,1441.16549530144,80,161.127200716059,2745.42582571606,2423.17142428394,"softmax(Q)",2567.99782721943
9,2584.298625,1441.16549530144,80,161.127200716059,2745.42582571606,2423.17142428394,"softmax(Q * gaze)",2483.07883267274
9,2584.298625,1441.16549530144,80,161.127200716059,2745.42582571606,2423.17142428394,"softmax(Q) * gaze",2727.68623928116
9,2584.298625,1441.16549530144,80,161.127200716059,2745.42582571606,2423.17142428394,"softmax(Q) + gaze",2545.38267637417
9,2584.298625,1441.16549530144,80,161.127200716059,2745.42582571606,2423.17142428394,"softmax(Q + gaze)",2546.75151836752
10,2948.31134146341,1831.06861965853,82,202.207702016654,3150.51904348007,2746.10363944676,"Q",2464.00462223821
10,2948.31134146341,1831.06861965853,82,202.207702016654,3150.51904348007,2746.10363944676,"Q * gaze",2593.38819612259
10,2948.31134146341,1831.06861965853,82,202.207702016654,3150.51904348007,2746.10363944676,"Q + gaze",2472.99726440306
10,2948.31134146341,1831.06861965853,82,202.207702016654,3150.51904348007,2746.10363944676,"softmax(Q)",2559.53637062931
10,2948.31134146341,1831.06861965853,82,202.207702016654,3150.51904348007,2746.10363944676,"softmax(Q * gaze)",2510.4018462586
10,2948.31134146341,1831.06861965853,82,202.207702016654,3150.51904348007,2746.10363944676,"softmax(Q) * gaze",2718.96415038963
10,2948.31134146341,1831.06861965853,82,202.207702016654,3150.51904348007,2746.10363944676,"softmax(Q) + gaze",2512.85124570397
10,2948.31134146341,1831.06861965853,82,202.207702016654,3150.51904348007,2746.10363944676,"softmax(Q + gaze)",2548.67318413039
11,2632.94682926829,1468.69444739355,82,162.190169163323,2795.13699843162,2470.75666010497,"Q",2528.75042473617
11,2632.94682926829,1468.69444739355,82,162.190169163323,2795.13699843162,2470.75666010497,"Q * gaze",2606.54864974433
11,2632.94682926829,1468.69444739355,82,162.190169163323,2795.13699843162,2470.75666010497,"Q + gaze",2510.93392062075
11,2632.94682926829,1468.69444739355,82,162.190169163323,2795.13699843162,2470.75666010497,"softmax(Q)",2557.47403128617
11,2632.94682926829,1468.69444739355,82,162.190169163323,2795.13699843162,2470.75666010497,"softmax(Q * gaze)",2472.48938908642
11,2632.94682926829,1468.69444739355,82,162.190169163323,2795.13699843162,2470.75666010497,"softmax(Q) * gaze",2659.61987971819
11,2632.94682926829,1468.69444739355,82,162.190169163323,2795.13699843162,2470.75666010497,"softmax(Q) + gaze",2527.27478041513
11,2632.94682926829,1468.69444739355,82,162.190169163323,2795.13699843162,2470.75666010497,"softmax(Q + gaze)",2522.01235586096
12,2810.3143373494,1502.60179281349,83,164.931973847355,2975.24631119675,2645.38236350204,"Q",2506.47235301165
12,2810.3143373494,1502.60179281349,83,164.931973847355,2975.24631119675,2645.38236350204,"Q * gaze",2663.87723764051
12,2810.3143373494,1502.60179281349,83,164.931973847355,2975.24631119675,2645.38236350204,"Q + gaze",2515.33021649263
12,2810.3143373494,1502.60179281349,83,164.931973847355,2975.24631119675,2645.38236350204,"softmax(Q)",2574.70706401973
12,2810.3143373494,1502.60179281349,83,164.931973847355,2975.24631119675,2645.38236350204,"softmax(Q * gaze)",2539.10889693328
12,2810.3143373494,1502.60179281349,83,164.931973847355,2975.24631119675,2645.38236350204,"softmax(Q) * gaze",2713.60651820612
12,2810.3143373494,1502.60179281349,83,164.931973847355,2975.24631119675,2645.38236350204,"softmax(Q) + gaze",2535.11977200195
12,2810.3143373494,1502.60179281349,83,164.931973847355,2975.24631119675,2645.38236350204,"softmax(Q + gaze)",2566.79252548175
13,2599.58209876543,1593.58214848789,81,177.064683165321,2776.64678193075,2422.51741560011,"Q",2488.42176716485
13,2599.58209876543,1593.58214848789,81,177.064683165321,2776.64678193075,2422.51741560011,"Q * gaze",2570.30038699215
13,2599.58209876543,1593.58214848789,81,177.064683165321,2776.64678193075,2422.51741560011,"Q + gaze",2470.04736931035
13,2599.58209876543,1593.58214848789,81,177.064683165321,2776.64678193075,2422.51741560011,"softmax(Q)",2559.84176451611
13,2599.58209876543,1593.58214848789,81,177.064683165321,2776.64678193075,2422.51741560011,"softmax(Q * gaze)",2466.01032129834
13,2599.58209876543,1593.58214848789,81,177.064683165321,2776.64678193075,2422.51741560011,"softmax(Q) * gaze",2654.84037825765
13,2599.58209876543,1593.58214848789,81,177.064683165321,2776.64678193075,2422.51741560011,"softmax(Q) + gaze",2510.56992798652
13,2599.58209876543,1593.58214848789,81,177.064683165321,2776.64678193075,2422.51741560011,"softmax(Q + gaze)",2502.19806020705
14,2557.08987804878,1413.4768863989,82,156.092409636553,2713.18228768533,2400.99746841223,"Q",2513.93790081458
14,2557.08987804878,1413.4768863989,82,156.092409636553,2713.18228768533,2400.99746841223,"Q * gaze",2643.97644988944
14,2557.08987804878,1413.4768863989,82,156.092409636553,2713.18228768533,2400.99746841223,"Q + gaze",2495.59820129524
14,2557.08987804878,1413.4768863989,82,156.092409636553,2713.18228768533,2400.99746841223,"softmax(Q)",2520.92315908868
14,2557.08987804878,1413.4768863989,82,156.092409636553,2713.18228768533,2400.99746841223,"softmax(Q * gaze)",2494.74170218731
14,2557.08987804878,1413.4768863989,82,156.092409636553,2713.18228768533,2400.99746841223,"softmax(Q) * gaze",2651.96931858803
14,2557.08987804878,1413.4768863989,82,156.092409636553,2713.18228768533,2400.99746841223,"softmax(Q) + gaze",2510.74666892651
14,2557.08987804878,1413.4768863989,82,156.092409636553,2713.18228768533,2400.99746841223,"softmax(Q + gaze)",2532.06640265993
15,2723.03975609756,1618.3915390242,82,178.721447441062,2901.76120353862,2544.3183086565,"Q",2501.69464518778
15,2723.03975609756,1618.3915390242,82,178.721447441062,2901.76120353862,2544.3183086565,"Q * gaze",2675.7072238675
15,2723.03975609756,1618.3915390242,82,178.721447441062,2901.76120353862,2544.3183086565,"Q + gaze",2524.97838399426
15,2723.03975609756,1618.3915390242,82,178.721447441062,2901.76120353862,2544.3183086565,"softmax(Q)",2502.33715096516
15,2723.03975609756,1618.3915390242,82,178.721447441062,2901.76120353862,2544.3183086565,"softmax(Q * gaze)",2544.82215012506
15,2723.03975609756,1618.3915390242,82,178.721447441062,2901.76120353862,2544.3183086565,"softmax(Q) * gaze",2736.93131147768
15,2723.03975609756,1618.3915390242,82,178.721447441062,2901.76120353862,2544.3183086565,"softmax(Q) + gaze",2530.43332331386
15,2723.03975609756,1618.3915390242,82,178.721447441062,2901.76120353862,2544.3183086565,"softmax(Q + gaze)",2548.91868495652
16,2524.46654320988,1330.59643867155,81,147.844048741283,2672.31059195116,2376.62249446859,"Q",2477.47339666461
16,2524.46654320988,1330.59643867155,81,147.844048741283,2672.31059195116,2376.62249446859,"Q * gaze",2557.65243712654
16,2524.46654320988,1330.59643867155,81,147.844048741283,2672.31059195116,2376.62249446859,"Q + gaze",2459.81592134876
16,2524.46654320988,1330.59643867155,81,147.844048741283,2672.31059195116,2376.62249446859,"softmax(Q)",2493.17454404421
16,2524.46654320988,1330.59643867155,81,147.844048741283,2672.31059195116,2376.62249446859,"softmax(Q * gaze)",2433.02404328715
16,2524.46654320988,1330.59643867155,81,147.844048741283,2672.31059195116,2376.62249446859,"softmax(Q) * gaze",2559.40087491858
16,2524.46654320988,1330.59643867155,81,147.844048741283,2672.31059195116,2376.62249446859,"softmax(Q) + gaze",2452.69643123123
16,2524.46654320988,1330.59643867155,81,147.844048741283,2672.31059195116,2376.62249446859,"softmax(Q + gaze)",2471.24710275244
17,2655.24975903614,1464.78399629015,83,160.78093139753,2816.03069043367,2494.46882763861,"Q",2507.31324658686
17,2655.24975903614,1464.78399629015,83,160.78093139753,2816.03069043367,2494.46882763861,"Q * gaze",2611.53366734139
17,2655.24975903614,1464.78399629015,83,160.78093139753,2816.03069043367,2494.46882763861,"Q + gaze",2492.336680347
17,2655.24975903614,1464.78399629015,83,160.78093139753,2816.03069043367,2494.46882763861,"softmax(Q)",2507.95746067244
17,2655.24975903614,1464.78399629015,83,160.78093139753,2816.03069043367,2494.46882763861,"softmax(Q * gaze)",2488.87138474478
17,2655.24975903614,1464.78399629015,83,160.78093139753,2816.03069043367,2494.46882763861,"softmax(Q) * gaze",2649.1089979378
17,2655.24975903614,1464.78399629015,83,160.78093139753,2816.03069043367,2494.46882763861,"softmax(Q) + gaze",2502.62453736435
17,2655.24975903614,1464.78399629015,83,160.78093139753,2816.03069043367,2494.46882763861,"softmax(Q + gaze)",2511.25132840265
18,2480.05135802469,1337.04011138106,81,148.560012375674,2628.61137040037,2331.49134564902,"Q",2466.80176192392
18,2480.05135802469,1337.04011138106,81,148.560012375674,2628.61137040037,2331.49134564902,"Q * gaze",2526.6724501988
18,2480.05135802469,1337.04011138106,81,148.560012375674,2628.61137040037,2331.49134564902,"Q + gaze",2424.98434229007
18,2480.05135802469,1337.04011138106,81,148.560012375674,2628.61137040037,2331.49134564902,"softmax(Q)",2483.53842884797
18,2480.05135802469,1337.04011138106,81,148.560012375674,2628.61137040037,2331.49134564902,"softmax(Q * gaze)",2446.68878337089
18,2480.05135802469,1337.04011138106,81,148.560012375674,2628.61137040037,2331.49134564902,"softmax(Q) * gaze",2537.09059575007
18,2480.05135802469,1337.04011138106,81,148.560012375674,2628.61137040037,2331.49134564902,"softmax(Q) + gaze",2407.78592061942
18,2480.05135802469,1337.04011138106,81,148.560012375674,2628.61137040037,2331.49134564902,"softmax(Q + gaze)",2449.53861021011
19,2440.70674698795,1398.32129080805,83,153.485701713374,2594.19244870133,2287.22104527458,"Q",2499.19528033743
19,2440.70674698795,1398.32129080805,83,153.485701713374,2594.19244870133,2287.22104527458,"Q * gaze",2516.93010644902
19,2440.70674698795,1398.32129080805,83,153.485701713374,2594.19244870133,2287.22104527458,"Q + gaze",2497.90460777075
19,2440.70674698795,1398.32129080805,83,153.485701713374,2594.19244870133,2287.22104527458,"softmax(Q)",2535.11599224964
19,2440.70674698795,1398.32129080805,83,153.485701713374,2594.19244870133,2287.22104527458,"softmax(Q * gaze)",2474.81289084913
19,2440.70674698795,1398.32129080805,83,153.485701713374,2594.19244870133,2287.22104527458,"softmax(Q) * gaze",2571.01602333249
19,2440.70674698795,1398.32129080805,83,153.485701713374,2594.19244870133,2287.22104527458,"softmax(Q) + gaze",2469.98803850341
19,2440.70674698795,1398.32129080805,83,153.485701713374,2594.19244870133,2287.22104527458,"softmax(Q + gaze)",2475.05435877133
20,2371.29304878049,1344.18539005553,82,148.440443951345,2519.73349273183,2222.85260482914,"Q",2462.57244908884
20,2371.29304878049,1344.18539005553,82,148.440443951345,2519.73349273183,2222.85260482914,"Q * gaze",2592.62760746827
20,2371.29304878049,1344.18539005553,82,148.440443951345,2519.73349273183,2222.85260482914,"Q + gaze",2477.07416033117
20,2371.29304878049,1344.18539005553,82,148.440443951345,2519.73349273183,2222.85260482914,"softmax(Q)",2488.9777491242
20,2371.29304878049,1344.18539005553,82,148.440443951345,2519.73349273183,2222.85260482914,"softmax(Q * gaze)",2474.07782971987
20,2371.29304878049,1344.18539005553,82,148.440443951345,2519.73349273183,2222.85260482914,"softmax(Q) * gaze",2669.19192698296
20,2371.29304878049,1344.18539005553,82,148.440443951345,2519.73349273183,2222.85260482914,"softmax(Q) + gaze",2470.27820250242
20,2371.29304878049,1344.18539005553,82,148.440443951345,2519.73349273183,2222.85260482914,"softmax(Q + gaze)",2506.03794102815
21,2258.55925925926,1323.37398090145,81,147.041553433494,2405.60081269275,2111.51770582577,"Q",2539.87580054798
21,2258.55925925926,1323.37398090145,81,147.041553433494,2405.60081269275,2111.51770582577,"Q * gaze",2542.42626938021
21,2258.55925925926,1323.37398090145,81,147.041553433494,2405.60081269275,2111.51770582577,"Q + gaze",2445.08029268515
21,2258.55925925926,1323.37398090145,81,147.041553433494,2405.60081269275,2111.51770582577,"softmax(Q)",2488.73641133727
21,2258.55925925926,1323.37398090145,81,147.041553433494,2405.60081269275,2111.51770582577,"softmax(Q * gaze)",2423.258889279
21,2258.55925925926,1323.37398090145,81,147.041553433494,2405.60081269275,2111.51770582577,"softmax(Q) * gaze",2528.80745651478
21,2258.55925925926,1323.37398090145,81,147.041553433494,2405.60081269275,2111.51770582577,"softmax(Q) + gaze",2429.15919002196
21,2258.55925925926,1323.37398090145,81,147.041553433494,2405.60081269275,2111.51770582577,"softmax(Q + gaze)",2425.72867206377
22,2549.48231707317,1514.34717541411,82,167.231669588113,2716.71398666128,2382.25064748506,"Q",2483.99451683842
22,2549.48231707317,1514.34717541411,82,167.231669588113,2716.71398666128,2382.25064748506,"Q * gaze",2593.22774575962
22,2549.48231707317,1514.34717541411,82,167.231669588113,2716.71398666128,2382.25064748506,"Q + gaze",2479.02817779072
22,2549.48231707317,1514.34717541411,82,167.231669588113,2716.71398666128,2382.25064748506,"softmax(Q)",2490.50078137592
22,2549.48231707317,1514.34717541411,82,167.231669588113,2716.71398666128,2382.25064748506,"softmax(Q * gaze)",2473.38454903492
22,2549.48231707317,1514.34717541411,82,167.231669588113,2716.71398666128,2382.25064748506,"softmax(Q) * gaze",2620.9628734756
22,2549.48231707317,1514.34717541411,82,167.231669588113,2716.71398666128,2382.25064748506,"softmax(Q) + gaze",2486.07386714566
22,2549.48231707317,1514.34717541411,82,167.231669588113,2716.71398666128,2382.25064748506,"softmax(Q + gaze)",2468.9242126834
23,2727.02397590361,1894.21527603278,83,207.917138034905,2934.94111393852,2519.10683786871,"Q",2474.89969892496
23,2727.02397590361,1894.21527603278,83,207.917138034905,2934.94111393852,2519.10683786871,"Q * gaze",2542.36301938034
23,2727.02397590361,1894.21527603278,83,207.917138034905,2934.94111393852,2519.10683786871,"Q + gaze",2436.69456212123
23,2727.02397590361,1894.21527603278,83,207.917138034905,2934.94111393852,2519.10683786871,"softmax(Q)",2468.45500433521
23,2727.02397590361,1894.21527603278,83,207.917138034905,2934.94111393852,2519.10683786871,"softmax(Q * gaze)",2451.25915370823
23,2727.02397590361,1894.21527603278,83,207.917138034905,2934.94111393852,2519.10683786871,"softmax(Q) * gaze",2562.24252643251
23,2727.02397590361,1894.21527603278,83,207.917138034905,2934.94111393852,2519.10683786871,"softmax(Q) + gaze",2429.51926602471
23,2727.02397590361,1894.21527603278,83,207.917138034905,2934.94111393852,2519.10683786871,"softmax(Q + gaze)",2457.27626285517
24,2584.51313253012,1358.93784413212,83,149.162806833147,2733.67593936327,2435.35032569697,"Q",2470.82264225992
24,2584.51313253012,1358.93784413212,83,149.162806833147,2733.67593936327,2435.35032569697,"Q * gaze",2634.94374047749
24,2584.51313253012,1358.93784413212,83,149.162806833147,2733.67593936327,2435.35032569697,"Q + gaze",2482.64355285157
24,2584.51313253012,1358.93784413212,83,149.162806833147,2733.67593936327,2435.35032569697,"softmax(Q)",2478.27852510161
24,2584.51313253012,1358.93784413212,83,149.162806833147,2733.67593936327,2435.35032569697,"softmax(Q * gaze)",2465.72433910962
24,2584.51313253012,1358.93784413212,83,149.162806833147,2733.67593936327,2435.35032569697,"softmax(Q) * gaze",2710.93983663796
24,2584.51313253012,1358.93784413212,83,149.162806833147,2733.67593936327,2435.35032569697,"softmax(Q) + gaze",2486.82037802717
24,2584.51313253012,1358.93784413212,83,149.162806833147,2733.67593936327,2435.35032569697,"softmax(Q + gaze)",2511.61294318009
25,2620.92817073171,1511.11983894794,82,166.875269896997,2787.8034406287,2454.05290083471,"Q",2524.69429578862
25,2620.92817073171,1511.11983894794,82,166.875269896997,2787.8034406287,2454.05290083471,"Q * gaze",2618.52539373913
25,2620.92817073171,1511.11983894794,82,166.875269896997,2787.8034406287,2454.05290083471,"Q + gaze",2494.2730083612
25,2620.92817073171,1511.11983894794,82,166.875269896997,2787.8034406287,2454.05290083471,"softmax(Q)",2451.36430792327
25,2620.92817073171,1511.11983894794,82,166.875269896997,2787.8034406287,2454.05290083471,"softmax(Q * gaze)",2441.06835577896
25,2620.92817073171,1511.11983894794,82,166.875269896997,2787.8034406287,2454.05290083471,"softmax(Q) * gaze",2568.11958336585
25,2620.92817073171,1511.11983894794,82,166.875269896997,2787.8034406287,2454.05290083471,"softmax(Q) + gaze",2440.27655257124
25,2620.92817073171,1511.11983894794,82,166.875269896997,2787.8034406287,2454.05290083471,"softmax(Q + gaze)",2465.27891935193
26,2270.58580246914,1155.30921817155,81,128.36769090795,2398.95349337709,2142.21811156119,"Q",2481.26757215054
26,2270.58580246914,1155.30921817155,81,128.36769090795,2398.95349337709,2142.21811156119,"Q * gaze",2470.62880714744
26,2270.58580246914,1155.30921817155,81,128.36769090795,2398.95349337709,2142.21811156119,"Q + gaze",2421.84813594223
26,2270.58580246914,1155.30921817155,81,128.36769090795,2398.95349337709,2142.21811156119,"softmax(Q)",2451.17473102864
26,2270.58580246914,1155.30921817155,81,128.36769090795,2398.95349337709,2142.21811156119,"softmax(Q * gaze)",2400.39029978856
26,2270.58580246914,1155.30921817155,81,128.36769090795,2398.95349337709,2142.21811156119,"softmax(Q) * gaze",2505.74620119882
26,2270.58580246914,1155.30921817155,81,128.36769090795,2398.95349337709,2142.21811156119,"softmax(Q) + gaze",2410.49482199944
26,2270.58580246914,1155.30921817155,81,128.36769090795,2398.95349337709,2142.21811156119,"softmax(Q + gaze)",2415.65140327657
27,2616.1243902439,1771.31565668852,82,195.609091128382,2811.73348137228,2420.51529911552,"Q",2438.2816162689
27,2616.1243902439,1771.31565668852,82,195.609091128382,2811.73348137228,2420.51529911552,"Q * gaze",2556.21492988629
27,2616.1243902439,1771.31565668852,82,195.609091128382,2811.73348137228,2420.51529911552,"Q + gaze",2465.84486944941
27,2616.1243902439,1771.31565668852,82,195.609091128382,2811.73348137228,2420.51529911552,"softmax(Q)",2421.65463752291
27,2616.1243902439,1771.31565668852,82,195.609091128382,2811.73348137228,2420.51529911552,"softmax(Q * gaze)",2410.39419965322
27,2616.1243902439,1771.31565668852,82,195.609091128382,2811.73348137228,2420.51529911552,"softmax(Q) * gaze",2552.61598629065
27,2616.1243902439,1771.31565668852,82,195.609091128382,2811.73348137228,2420.51529911552,"softmax(Q) + gaze",2437.52844918044
27,2616.1243902439,1771.31565668852,82,195.609091128382,2811.73348137228,2420.51529911552,"softmax(Q + gaze)",2403.1974557511
28,2451.45695121951,1512.82968617001,82,167.064090935086,2618.5210421546,2284.39286028443,"Q",2477.81858393705
28,2451.45695121951,1512.82968617001,82,167.064090935086,2618.5210421546,2284.39286028443,"Q * gaze",2577.51041624444
28,2451.45695121951,1512.82968617001,82,167.064090935086,2618.5210421546,2284.39286028443,"Q + gaze",2460.07272516474
28,2451.45695121951,1512.82968617001,82,167.064090935086,2618.5210421546,2284.39286028443,"softmax(Q)",2469.27680349256
28,2451.45695121951,1512.82968617001,82,167.064090935086,2618.5210421546,2284.39286028443,"softmax(Q * gaze)",2421.15811191969
28,2451.45695121951,1512.82968617001,82,167.064090935086,2618.5210421546,2284.39286028443,"softmax(Q) * gaze",2518.92846464188
28,2451.45695121951,1512.82968617001,82,167.064090935086,2618.5210421546,2284.39286028443,"softmax(Q) + gaze",2409.89530863953
28,2451.45695121951,1512.82968617001,82,167.064090935086,2618.5210421546,2284.39286028443,"softmax(Q + gaze)",2393.87381831477
29,2615.50146341463,1554.25984336011,82,171.639286419109,2787.14074983374,2443.86217699553,"Q",2486.28180099314
29,2615.50146341463,1554.25984336011,82,171.639286419109,2787.14074983374,2443.86217699553,"Q * gaze",2582.07604320037
29,2615.50146341463,1554.25984336011,82,171.639286419109,2787.14074983374,2443.86217699553,"Q + gaze",2461.28026386576
29,2615.50146341463,1554.25984336011,82,171.639286419109,2787.14074983374,2443.86217699553,"softmax(Q)",2455.33239556944
29,2615.50146341463,1554.25984336011,82,171.639286419109,2787.14074983374,2443.86217699553,"softmax(Q * gaze)",2492.39092336037
29,2615.50146341463,1554.25984336011,82,171.639286419109,2787.14074983374,2443.86217699553,"softmax(Q) * gaze",2617.91679321896
29,2615.50146341463,1554.25984336011,82,171.639286419109,2787.14074983374,2443.86217699553,"softmax(Q) + gaze",2414.54685991776
29,2615.50146341463,1554.25984336011,82,171.639286419109,2787.14074983374,2443.86217699553,"softmax(Q + gaze)",2488.29810737091
30,2431.26987951807,1567.67612333258,83,172.074809581107,2603.34468909918,2259.19506993697,"Q",2504.59272372268
30,2431.26987951807,1567.67612333258,83,172.074809581107,2603.34468909918,2259.19506993697,"Q * gaze",2533.9382442947
30,2431.26987951807,1567.67612333258,83,172.074809581107,2603.34468909918,2259.19506993697,"Q + gaze",2431.84122922135
30,2431.26987951807,1567.67612333258,83,172.074809581107,2603.34468909918,2259.19506993697,"softmax(Q)",2414.3249494705
30,2431.26987951807,1567.67612333258,83,172.074809581107,2603.34468909918,2259.19506993697,"softmax(Q * gaze)",2401.21434083674
30,2431.26987951807,1567.67612333258,83,172.074809581107,2603.34468909918,2259.19506993697,"softmax(Q) * gaze",2478.92424289094
30,2431.26987951807,1567.67612333258,83,172.074809581107,2603.34468909918,2259.19506993697,"softmax(Q) + gaze",2384.45218855062
30,2431.26987951807,1567.67612333258,83,172.074809581107,2603.34468909918,2259.19506993697,"softmax(Q + gaze)",2371.86957533213
31,2310.48280487805,1266.58577288795,82,139.870999804705,2450.35380468275,2170.61180507334,"Q",2501.52008259558
31,2310.48280487805,1266.58577288795,82,139.870999804705,2450.35380468275,2170.61180507334,"Q * gaze",2523.69377871525
31,2310.48280487805,1266.58577288795,82,139.870999804705,2450.35380468275,2170.61180507334,"Q + gaze",2451.21444342384
31,2310.48280487805,1266.58577288795,82,139.870999804705,2450.35380468275,2170.61180507334,"softmax(Q)",2451.066184624
31,2310.48280487805,1266.58577288795,82,139.870999804705,2450.35380468275,2170.61180507334,"softmax(Q * gaze)",2444.60350453412
31,2310.48280487805,1266.58577288795,82,139.870999804705,2450.35380468275,2170.61180507334,"softmax(Q) * gaze",2459.88781867792
31,2310.48280487805,1266.58577288795,82,139.870999804705,2450.35380468275,2170.61180507334,"softmax(Q) + gaze",2402.17539239953
31,2310.48280487805,1266.58577288795,82,139.870999804705,2450.35380468275,2170.61180507334,"softmax(Q + gaze)",2437.21324693902
32,2718.01518072289,1679.30001665209,83,184.327123628491,2902.34230435138,2533.6880570944,"Q",2458.51291583719
32,2718.01518072289,1679.30001665209,83,184.327123628491,2902.34230435138,2533.6880570944,"Q * gaze",2572.70969510666
32,2718.01518072289,1679.30001665209,83,184.327123628491,2902.34230435138,2533.6880570944,"Q + gaze",2461.29138217522
32,2718.01518072289,1679.30001665209,83,184.327123628491,2902.34230435138,2533.6880570944,"softmax(Q)",2373.90036798179
32,2718.01518072289,1679.30001665209,83,184.327123628491,2902.34230435138,2533.6880570944,"softmax(Q * gaze)",2429.70922984259
32,2718.01518072289,1679.30001665209,83,184.327123628491,2902.34230435138,2533.6880570944,"softmax(Q) * gaze",2545.84747511195
32,2718.01518072289,1679.30001665209,83,184.327123628491,2902.34230435138,2533.6880570944,"softmax(Q) + gaze",2404.4488253863
32,2718.01518072289,1679.30001665209,83,184.327123628491,2902.34230435138,2533.6880570944,"softmax(Q + gaze)",2393.54468600094
33,2565.78913580247,1353.61215755492,81,150.401350839436,2716.1904866419,2415.38778496303,"Q",2517.24844483017
33,2565.78913580247,1353.61215755492,81,150.401350839436,2716.1904866419,2415.38778496303,"Q * gaze",2586.14156099712
33,2565.78913580247,1353.61215755492,81,150.401350839436,2716.1904866419,2415.38778496303,"Q + gaze",2510.24101441453
33,2565.78913580247,1353.61215755492,81,150.401350839436,2716.1904866419,2415.38778496303,"softmax(Q)",2454.90181654691
33,2565.78913580247,1353.61215755492,81,150.401350839436,2716.1904866419,2415.38778496303,"softmax(Q * gaze)",2447.74657372081
33,2565.78913580247,1353.61215755492,81,150.401350839436,2716.1904866419,2415.38778496303,"softmax(Q) * gaze",2548.51733117527
33,2565.78913580247,1353.61215755492,81,150.401350839436,2716.1904866419,2415.38778496303,"softmax(Q) + gaze",2442.29828842615
33,2565.78913580247,1353.61215755492,81,150.401350839436,2716.1904866419,2415.38778496303,"softmax(Q + gaze)",2448.27936222749
34,2560.29301204819,1755.48043369464,83,192.689010730873,2752.98202277907,2367.60400131732,"Q",2457.38827741144
34,2560.29301204819,1755.48043369464,83,192.689010730873,2752.98202277907,2367.60400131732,"Q * gaze",2581.23285410366
34,2560.29301204819,1755.48043369464,83,192.689010730873,2752.98202277907,2367.60400131732,"Q + gaze",2436.48014213539
34,2560.29301204819,1755.48043369464,83,192.689010730873,2752.98202277907,2367.60400131732,"softmax(Q)",2440.66718698941
34,2560.29301204819,1755.48043369464,83,192.689010730873,2752.98202277907,2367.60400131732,"softmax(Q * gaze)",2453.65659703675
34,2560.29301204819,1755.48043369464,83,192.689010730873,2752.98202277907,2367.60400131732,"softmax(Q) * gaze",2561.19542842634
34,2560.29301204819,1755.48043369464,83,192.689010730873,2752.98202277907,2367.60400131732,"softmax(Q) + gaze",2407.65484914656
34,2560.29301204819,1755.48043369464,83,192.689010730873,2752.98202277907,2367.60400131732,"softmax(Q + gaze)",2440.27630753143
35,2386.12134146341,1264.9591522559,82,139.691369605963,2525.81271106938,2246.42997185745,"Q",2457.24935758706
35,2386.12134146341,1264.9591522559,82,139.691369605963,2525.81271106938,2246.42997185745,"Q * gaze",2585.99218508488
35,2386.12134146341,1264.9591522559,82,139.691369605963,2525.81271106938,2246.42997185745,"Q + gaze",2449.89038958031
35,2386.12134146341,1264.9591522559,82,139.691369605963,2525.81271106938,2246.42997185745,"softmax(Q)",2417.52152325209
35,2386.12134146341,1264.9591522559,82,139.691369605963,2525.81271106938,2246.42997185745,"softmax(Q * gaze)",2436.14645900277
35,2386.12134146341,1264.9591522559,82,139.691369605963,2525.81271106938,2246.42997185745,"softmax(Q) * gaze",2582.26107463517
35,2386.12134146341,1264.9591522559,82,139.691369605963,2525.81271106938,2246.42997185745,"softmax(Q) + gaze",2422.02218642507
35,2386.12134146341,1264.9591522559,82,139.691369605963,2525.81271106938,2246.42997185745,"softmax(Q + gaze)",2423.65360910581
36,2432.64156626506,1405.45630099916,83,154.268870827021,2586.91043709208,2278.37269543804,"Q",2529.83513461172
36,2432.64156626506,1405.45630099916,83,154.268870827021,2586.91043709208,2278.37269543804,"Q * gaze",2587.56597915918
36,2432.64156626506,1405.45630099916,83,154.268870827021,2586.91043709208,2278.37269543804,"Q + gaze",2494.90450974751
36,2432.64156626506,1405.45630099916,83,154.268870827021,2586.91043709208,2278.37269543804,"softmax(Q)",2404.70450680652
36,2432.64156626506,1405.45630099916,83,154.268870827021,2586.91043709208,2278.37269543804,"softmax(Q * gaze)",2420.67989466911
36,2432.64156626506,1405.45630099916,83,154.268870827021,2586.91043709208,2278.37269543804,"softmax(Q) * gaze",2510.56265959882
36,2432.64156626506,1405.45630099916,83,154.268870827021,2586.91043709208,2278.37269543804,"softmax(Q) + gaze",2402.01112953606
36,2432.64156626506,1405.45630099916,83,154.268870827021,2586.91043709208,2278.37269543804,"softmax(Q + gaze)",2393.2874264981
37,2449.94662650602,1491.99784777135,83,163.768039666833,2613.71466617286,2286.17858683919,"Q",2465.11929586181
37,2449.94662650602,1491.99784777135,83,163.768039666833,2613.71466617286,2286.17858683919,"Q * gaze",2540.64769784602
37,2449.94662650602,1491.99784777135,83,163.768039666833,2613.71466617286,2286.17858683919,"Q + gaze",2423.0024466766
37,2449.94662650602,1491.99784777135,83,163.768039666833,2613.71466617286,2286.17858683919,"softmax(Q)",2384.42607475506
37,2449.94662650602,1491.99784777135,83,163.768039666833,2613.71466617286,2286.17858683919,"softmax(Q * gaze)",2420.17208297148
37,2449.94662650602,1491.99784777135,83,163.768039666833,2613.71466617286,2286.17858683919,"softmax(Q) * gaze",2527.08525386981
37,2449.94662650602,1491.99784777135,83,163.768039666833,2613.71466617286,2286.17858683919,"softmax(Q) + gaze",2409.75505923506
37,2449.94662650602,1491.99784777135,83,163.768039666833,2613.71466617286,2286.17858683919,"softmax(Q + gaze)",2391.59840112194
38,2352.70792682927,1267.52545701539,82,139.974770556927,2492.68269738619,2212.73315627234,"Q",2429.3463072294
38,2352.70792682927,1267.52545701539,82,139.974770556927,2492.68269738619,2212.73315627234,"Q * gaze",2433.18516319817
38,2352.70792682927,1267.52545701539,82,139.974770556927,2492.68269738619,2212.73315627234,"Q + gaze",2397.66658189118
38,2352.70792682927,1267.52545701539,82,139.974770556927,2492.68269738619,2212.73315627234,"softmax(Q)",2367.73189460119
38,2352.70792682927,1267.52545701539,82,139.974770556927,2492.68269738619,2212.73315627234,"softmax(Q * gaze)",2383.44448203092
38,2352.70792682927,1267.52545701539,82,139.974770556927,2492.68269738619,2212.73315627234,"softmax(Q) * gaze",2394.31814249459
38,2352.70792682927,1267.52545701539,82,139.974770556927,2492.68269738619,2212.73315627234,"softmax(Q) + gaze",2338.06296658473
38,2352.70792682927,1267.52545701539,82,139.974770556927,2492.68269738619,2212.73315627234,"softmax(Q + gaze)",2377.43047793529
39,2488.38939759036,1447.03110756789,83,158.832298704251,2647.22169629461,2329.55709888611,"Q",2477.48941612775
39,2488.38939759036,1447.03110756789,83,158.832298704251,2647.22169629461,2329.55709888611,"Q * gaze",2489.22538536469
39,2488.38939759036,1447.03110756789,83,158.832298704251,2647.22169629461,2329.55709888611,"Q + gaze",2421.87353214404
39,2488.38939759036,1447.03110756789,83,158.832298704251,2647.22169629461,2329.55709888611,"softmax(Q)",2380.08398975797
39,2488.38939759036,1447.03110756789,83,158.832298704251,2647.22169629461,2329.55709888611,"softmax(Q * gaze)",2388.4548266303
39,2488.38939759036,1447.03110756789,83,158.832298704251,2647.22169629461,2329.55709888611,"softmax(Q) * gaze",2422.01657063778
39,2488.38939759036,1447.03110756789,83,158.832298704251,2647.22169629461,2329.55709888611,"softmax(Q) + gaze",2354.65449436704
39,2488.38939759036,1447.03110756789,83,158.832298704251,2647.22169629461,2329.55709888611,"softmax(Q + gaze)",2351.23881691786
40,2268.25674698795,1174.68895849187,83,128.93886424692,2397.19561123487,2139.31788274103,"Q",2480.95616087009
40,2268.25674698795,1174.68895849187,83,128.93886424692,2397.19561123487,2139.31788274103,"Q * gaze",2553.83784864888
40,2268.25674698795,1174.68895849187,83,128.93886424692,2397.19561123487,2139.31788274103,"Q + gaze",2476.12089718641
40,2268.25674698795,1174.68895849187,83,128.93886424692,2397.19561123487,2139.31788274103,"softmax(Q)",2317.63420837905
40,2268.25674698795,1174.68895849187,83,128.93886424692,2397.19561123487,2139.31788274103,"softmax(Q * gaze)",2411.96165495752
40,2268.25674698795,1174.68895849187,83,128.93886424692,2397.19561123487,2139.31788274103,"softmax(Q) * gaze",2523.20694417909
40,2268.25674698795,1174.68895849187,83,128.93886424692,2397.19561123487,2139.31788274103,"softmax(Q) + gaze",2373.24631951287
40,2268.25674698795,1174.68895849187,83,128.93886424692,2397.19561123487,2139.31788274103,"softmax(Q + gaze)",2364.1168855533
41,2445.79578313253,1387.26045126596,83,152.271616846172,2598.0673999787,2293.52416628636,"Q",2600.3562208745
41,2445.79578313253,1387.26045126596,83,152.271616846172,2598.0673999787,2293.52416628636,"Q * gaze",2564.69092752823
41,2445.79578313253,1387.26045126596,83,152.271616846172,2598.0673999787,2293.52416628636,"Q + gaze",2476.70741283244
41,2445.79578313253,1387.26045126596,83,152.271616846172,2598.0673999787,2293.52416628636,"softmax(Q)",2394.34216297783
41,2445.79578313253,1387.26045126596,83,152.271616846172,2598.0673999787,2293.52416628636,"softmax(Q * gaze)",2406.90451931742
41,2445.79578313253,1387.26045126596,83,152.271616846172,2598.0673999787,2293.52416628636,"softmax(Q) * gaze",2439.73135700857
41,2445.79578313253,1387.26045126596,83,152.271616846172,2598.0673999787,2293.52416628636,"softmax(Q) + gaze",2319.19151701379
41,2445.79578313253,1387.26045126596,83,152.271616846172,2598.0673999787,2293.52416628636,"softmax(Q + gaze)",2359.24185474
42,2447.35951807229,1446.53602579126,83,158.777956419405,2606.13747449169,2288.58156165288,"Q",2375.65977816428
42,2447.35951807229,1446.53602579126,83,158.777956419405,2606.13747449169,2288.58156165288,"Q * gaze",2457.14558314065
42,2447.35951807229,1446.53602579126,83,158.777956419405,2606.13747449169,2288.58156165288,"Q + gaze",2382.54001965964
42,2447.35951807229,1446.53602579126,83,158.777956419405,2606.13747449169,2288.58156165288,"softmax(Q)",2362.30184293881
42,2447.35951807229,1446.53602579126,83,158.777956419405,2606.13747449169,2288.58156165288,"softmax(Q * gaze)",2408.471444758
42,2447.35951807229,1446.53602579126,83,158.777956419405,2606.13747449169,2288.58156165288,"softmax(Q) * gaze",2479.33070909116
42,2447.35951807229,1446.53602579126,83,158.777956419405,2606.13747449169,2288.58156165288,"softmax(Q) + gaze",2359.4097644914
42,2447.35951807229,1446.53602579126,83,158.777956419405,2606.13747449169,2288.58156165288,"softmax(Q + gaze)",2376.76457297585
43,2312.4013253012,1451.57332243729,83,159.330871558105,2471.73219685931,2153.0704537431,"Q",2516.37584932739
43,2312.4013253012,1451.57332243729,83,159.330871558105,2471.73219685931,2153.0704537431,"Q * gaze",2529.25692282364
43,2312.4013253012,1451.57332243729,83,159.330871558105,2471.73219685931,2153.0704537431,"Q + gaze",2466.96934614264
43,2312.4013253012,1451.57332243729,83,159.330871558105,2471.73219685931,2153.0704537431,"softmax(Q)",2365.99797212514
43,2312.4013253012,1451.57332243729,83,159.330871558105,2471.73219685931,2153.0704537431,"softmax(Q * gaze)",2404.15708427046
43,2312.4013253012,1451.57332243729,83,159.330871558105,2471.73219685931,2153.0704537431,"softmax(Q) * gaze",2455.51117104526
43,2312.4013253012,1451.57332243729,83,159.330871558105,2471.73219685931,2153.0704537431,"softmax(Q) + gaze",2362.37027768165
43,2312.4013253012,1451.57332243729,83,159.330871558105,2471.73219685931,2153.0704537431,"softmax(Q + gaze)",2390.66725256884
44,2191.46228915663,1325.73448202867,83,145.518264362692,2336.98055351932,2045.94402479393,"Q",2394.59527922626
44,2191.46228915663,1325.73448202867,83,145.518264362692,2336.98055351932,2045.94402479393,"Q * gaze",2481.41430348514
44,2191.46228915663,1325.73448202867,83,145.518264362692,2336.98055351932,2045.94402479393,"Q + gaze",2396.5011331919
44,2191.46228915663,1325.73448202867,83,145.518264362692,2336.98055351932,2045.94402479393,"softmax(Q)",2331.09028143379
44,2191.46228915663,1325.73448202867,83,145.518264362692,2336.98055351932,2045.94402479393,"softmax(Q * gaze)",2425.39977188278
44,2191.46228915663,1325.73448202867,83,145.518264362692,2336.98055351932,2045.94402479393,"softmax(Q) * gaze",2490.22761433516
44,2191.46228915663,1325.73448202867,83,145.518264362692,2336.98055351932,2045.94402479393,"softmax(Q) + gaze",2349.57810555032
44,2191.46228915663,1325.73448202867,83,145.518264362692,2336.98055351932,2045.94402479393,"softmax(Q + gaze)",2351.06912727165
45,2099.1034939759,1055.097205772,83,115.811964008754,2214.91545798466,1983.29152996715,"Q",2412.5456683387
45,2099.1034939759,1055.097205772,83,115.811964008754,2214.91545798466,1983.29152996715,"Q * gaze",2492.58648705504
45,2099.1034939759,1055.097205772,83,115.811964008754,2214.91545798466,1983.29152996715,"Q + gaze",2380.03430507534
45,2099.1034939759,1055.097205772,83,115.811964008754,2214.91545798466,1983.29152996715,"softmax(Q)",2367.5713318938
45,2099.1034939759,1055.097205772,83,115.811964008754,2214.91545798466,1983.29152996715,"softmax(Q * gaze)",2419.05494280424
45,2099.1034939759,1055.097205772,83,115.811964008754,2214.91545798466,1983.29152996715,"softmax(Q) * gaze",2452.42133449151
45,2099.1034939759,1055.097205772,83,115.811964008754,2214.91545798466,1983.29152996715,"softmax(Q) + gaze",2380.02073809771
45,2099.1034939759,1055.097205772,83,115.811964008754,2214.91545798466,1983.29152996715,"softmax(Q + gaze)",2356.80856919721
46,2352.44096385542,1170.08785987042,83,128.433828061597,2480.87479191702,2224.00713579383,"Q",2446.82897660092
46,2352.44096385542,1170.08785987042,83,128.433828061597,2480.87479191702,2224.00713579383,"Q * gaze",2516.55956337943
46,2352.44096385542,1170.08785987042,83,128.433828061597,2480.87479191702,2224.00713579383,"Q + gaze",2453.19484940302
46,2352.44096385542,1170.08785987042,83,128.433828061597,2480.87479191702,2224.00713579383,"softmax(Q)",2339.69192611828
46,2352.44096385542,1170.08785987042,83,128.433828061597,2480.87479191702,2224.00713579383,"softmax(Q * gaze)",2391.6794312335
46,2352.44096385542,1170.08785987042,83,128.433828061597,2480.87479191702,2224.00713579383,"softmax(Q) * gaze",2474.00134567973
46,2352.44096385542,1170.08785987042,83,128.433828061597,2480.87479191702,2224.00713579383,"softmax(Q) + gaze",2366.22863653268
46,2352.44096385542,1170.08785987042,83,128.433828061597,2480.87479191702,2224.00713579383,"softmax(Q + gaze)",2342.93047199234
47,2279.56481927711,1471.10314997264,83,161.474548625249,2441.03936790236,2118.09027065186,"Q",2522.38869790498
47,2279.56481927711,1471.10314997264,83,161.474548625249,2441.03936790236,2118.09027065186,"Q * gaze",2614.61282751571
47,2279.56481927711,1471.10314997264,83,161.474548625249,2441.03936790236,2118.09027065186,"Q + gaze",2499.47474117317
47,2279.56481927711,1471.10314997264,83,161.474548625249,2441.03936790236,2118.09027065186,"softmax(Q)",2349.39116775786
47,2279.56481927711,1471.10314997264,83,161.474548625249,2441.03936790236,2118.09027065186,"softmax(Q * gaze)",2409.31922983132
47,2279.56481927711,1471.10314997264,83,161.474548625249,2441.03936790236,2118.09027065186,"softmax(Q) * gaze",2487.47571209631
47,2279.56481927711,1471.10314997264,83,161.474548625249,2441.03936790236,2118.09027065186,"softmax(Q) + gaze",2382.82179170635
47,2279.56481927711,1471.10314997264,83,161.474548625249,2441.03936790236,2118.09027065186,"softmax(Q + gaze)",2390.72281807707
48,2241.90146341463,1206.77216497802,82,133.265691803169,2375.1671552178,2108.63577161147,"Q",2390.64875414494
48,2241.90146341463,1206.77216497802,82,133.265691803169,2375.1671552178,2108.63577161147,"Q * gaze",2417.38004666244
48,2241.90146341463,1206.77216497802,82,133.265691803169,2375.1671552178,2108.63577161147,"Q + gaze",2349.54027411268
48,2241.90146341463,1206.77216497802,82,133.265691803169,2375.1671552178,2108.63577161147,"softmax(Q)",2313.87201089952
48,2241.90146341463,1206.77216497802,82,133.265691803169,2375.1671552178,2108.63577161147,"softmax(Q * gaze)",2358.68282891738
48,2241.90146341463,1206.77216497802,82,133.265691803169,2375.1671552178,2108.63577161147,"softmax(Q) * gaze",2355.18202752556
48,2241.90146341463,1206.77216497802,82,133.265691803169,2375.1671552178,2108.63577161147,"softmax(Q) + gaze",2328.91205645296
48,2241.90146341463,1206.77216497802,82,133.265691803169,2375.1671552178,2108.63577161147,"softmax(Q + gaze)",2324.11351870792
49,2201.99963414634,1137.18683462983,82,125.581277580397,2327.58091172674,2076.41835656595,"Q",2430.25875752302
49,2201.99963414634,1137.18683462983,82,125.581277580397,2327.58091172674,2076.41835656595,"Q * gaze",2473.35604667338
49,2201.99963414634,1137.18683462983,82,125.581277580397,2327.58091172674,2076.41835656595,"Q + gaze",2398.60491150569
49,2201.99963414634,1137.18683462983,82,125.581277580397,2327.58091172674,2076.41835656595,"softmax(Q)",2344.99400373298
49,2201.99963414634,1137.18683462983,82,125.581277580397,2327.58091172674,2076.41835656595,"softmax(Q * gaze)",2393.05175506073
49,2201.99963414634,1137.18683462983,82,125.581277580397,2327.58091172674,2076.41835656595,"softmax(Q) * gaze",2445.36940886234
49,2201.99963414634,1137.18683462983,82,125.581277580397,2327.58091172674,2076.41835656595,"softmax(Q) + gaze",2347.24928035933
49,2201.99963414634,1137.18683462983,82,125.581277580397,2327.58091172674,2076.41835656595,"softmax(Q + gaze)",2368.21216057486
50,2285.94361445783,1393.41725269611,83,152.947413599056,2438.89102805689,2132.99620085878,"Q",2382.1081147761
50,2285.94361445783,1393.41725269611,83,152.947413599056,2438.89102805689,2132.99620085878,"Q * gaze",2370.67700524654
50,2285.94361445783,1393.41725269611,83,152.947413599056,2438.89102805689,2132.99620085878,"Q + gaze",2335.88352139516
50,2285.94361445783,1393.41725269611,83,152.947413599056,2438.89102805689,2132.99620085878,"softmax(Q)",2296.41944799352
50,2285.94361445783,1393.41725269611,83,152.947413599056,2438.89102805689,2132.99620085878,"softmax(Q * gaze)",2360.92471489677
50,2285.94361445783,1393.41725269611,83,152.947413599056,2438.89102805689,2132.99620085878,"softmax(Q) * gaze",2347.48026477629
50,2285.94361445783,1393.41725269611,83,152.947413599056,2438.89102805689,2132.99620085878,"softmax(Q) + gaze",2294.40205428298
50,2285.94361445783,1393.41725269611,83,152.947413599056,2438.89102805689,2132.99620085878,"softmax(Q + gaze)",2316.59765118033
51,2354.58662650602,1508.53705199917,83,165.583453179717,2520.17007968574,2189.00317332631,"Q",2420.59143545549
51,2354.58662650602,1508.53705199917,83,165.583453179717,2520.17007968574,2189.00317332631,"Q * gaze",2480.1108150104
51,2354.58662650602,1508.53705199917,83,165.583453179717,2520.17007968574,2189.00317332631,"Q + gaze",2406.17681356192
51,2354.58662650602,1508.53705199917,83,165.583453179717,2520.17007968574,2189.00317332631,"softmax(Q)",2357.55577883171
51,2354.58662650602,1508.53705199917,83,165.583453179717,2520.17007968574,2189.00317332631,"softmax(Q * gaze)",2423.0949229771
51,2354.58662650602,1508.53705199917,83,165.583453179717,2520.17007968574,2189.00317332631,"softmax(Q) * gaze",2516.22779525577
51,2354.58662650602,1508.53705199917,83,165.583453179717,2520.17007968574,2189.00317332631,"softmax(Q) + gaze",2404.89055865656
51,2354.58662650602,1508.53705199917,83,165.583453179717,2520.17007968574,2189.00317332631,"softmax(Q + gaze)",2392.92055940227
52,2299.93060240964,1237.3946633398,83,135.821709536686,2435.75231194632,2164.10889287295,"Q",2392.66783175249
52,2299.93060240964,1237.3946633398,83,135.821709536686,2435.75231194632,2164.10889287295,"Q * gaze",2524.54621025379
52,2299.93060240964,1237.3946633398,83,135.821709536686,2435.75231194632,2164.10889287295,"Q + gaze",2375.32854171946
52,2299.93060240964,1237.3946633398,83,135.821709536686,2435.75231194632,2164.10889287295,"softmax(Q)",2284.47280442726
52,2299.93060240964,1237.3946633398,83,135.821709536686,2435.75231194632,2164.10889287295,"softmax(Q * gaze)",2361.7158576967
52,2299.93060240964,1237.3946633398,83,135.821709536686,2435.75231194632,2164.10889287295,"softmax(Q) * gaze",2464.23155897934
52,2299.93060240964,1237.3946633398,83,135.821709536686,2435.75231194632,2164.10889287295,"softmax(Q) + gaze",2317.95518726816
52,2299.93060240964,1237.3946633398,83,135.821709536686,2435.75231194632,2164.10889287295,"softmax(Q + gaze)",2300.38388373283
53,2180.72353658537,1167.04213530456,82,128.87824399533,2309.6017805807,2051.84529259004,"Q",2475.03851420012
53,2180.72353658537,1167.04213530456,82,128.87824399533,2309.6017805807,2051.84529259004,"Q * gaze",2507.83979016876
53,2180.72353658537,1167.04213530456,82,128.87824399533,2309.6017805807,2051.84529259004,"Q + gaze",2413.46440944987
53,2180.72353658537,1167.04213530456,82,128.87824399533,2309.6017805807,2051.84529259004,"softmax(Q)",2327.88278301152
53,2180.72353658537,1167.04213530456,82,128.87824399533,2309.6017805807,2051.84529259004,"softmax(Q * gaze)",2471.93786620569
53,2180.72353658537,1167.04213530456,82,128.87824399533,2309.6017805807,2051.84529259004,"softmax(Q) * gaze",2460.94265634164
53,2180.72353658537,1167.04213530456,82,128.87824399533,2309.6017805807,2051.84529259004,"softmax(Q) + gaze",2327.54611497967
53,2180.72353658537,1167.04213530456,82,128.87824399533,2309.6017805807,2051.84529259004,"softmax(Q + gaze)",2348.5572154073
54,2389.41419753086,1478.4273955312,81,164.269710614578,2553.68390814544,2225.14448691629,"Q",2404.73444897112
54,2389.41419753086,1478.4273955312,81,164.269710614578,2553.68390814544,2225.14448691629,"Q * gaze",2462.67226022707
54,2389.41419753086,1478.4273955312,81,164.269710614578,2553.68390814544,2225.14448691629,"Q + gaze",2388.65164339402
54,2389.41419753086,1478.4273955312,81,164.269710614578,2553.68390814544,2225.14448691629,"softmax(Q)",2345.99785937982
54,2389.41419753086,1478.4273955312,81,164.269710614578,2553.68390814544,2225.14448691629,"softmax(Q * gaze)",2427.10316434752
54,2389.41419753086,1478.4273955312,81,164.269710614578,2553.68390814544,2225.14448691629,"softmax(Q) * gaze",2441.27486440624
54,2389.41419753086,1478.4273955312,81,164.269710614578,2553.68390814544,2225.14448691629,"softmax(Q) + gaze",2356.63716620054
54,2389.41419753086,1478.4273955312,81,164.269710614578,2553.68390814544,2225.14448691629,"softmax(Q + gaze)",2362.48269572702
55,2020.51975903614,1286.214118924,83,141.180340951985,2161.70009998813,1879.33941808416,"Q",2389.836806065
55,2020.51975903614,1286.214118924,83,141.180340951985,2161.70009998813,1879.33941808416,"Q * gaze",2408.95730183114
55,2020.51975903614,1286.214118924,83,141.180340951985,2161.70009998813,1879.33941808416,"Q + gaze",2381.98868563505
55,2020.51975903614,1286.214118924,83,141.180340951985,2161.70009998813,1879.33941808416,"softmax(Q)",2289.9009086501
55,2020.51975903614,1286.214118924,83,141.180340951985,2161.70009998813,1879.33941808416,"softmax(Q * gaze)",2406.37395343327
55,2020.51975903614,1286.214118924,83,141.180340951985,2161.70009998813,1879.33941808416,"softmax(Q) * gaze",2360.35556771783
55,2020.51975903614,1286.214118924,83,141.180340951985,2161.70009998813,1879.33941808416,"softmax(Q) + gaze",2284.00917286724
55,2020.51975903614,1286.214118924,83,141.180340951985,2161.70009998813,1879.33941808416,"softmax(Q + gaze)",2317.64080734841
56,2181.25542168675,1401.37250906449,83,153.82061642736,2335.07603811411,2027.43480525939,"Q",2515.74353078144
56,2181.25542168675,1401.37250906449,83,153.82061642736,2335.07603811411,2027.43480525939,"Q * gaze",2513.9395193269
56,2181.25542168675,1401.37250906449,83,153.82061642736,2335.07603811411,2027.43480525939,"Q + gaze",2465.14025661505
56,2181.25542168675,1401.37250906449,83,153.82061642736,2335.07603811411,2027.43480525939,"softmax(Q)",2363.16689722242
56,2181.25542168675,1401.37250906449,83,153.82061642736,2335.07603811411,2027.43480525939,"softmax(Q * gaze)",2418.63539841566
56,2181.25542168675,1401.37250906449,83,153.82061642736,2335.07603811411,2027.43480525939,"softmax(Q) * gaze",2385.47220883536
56,2181.25542168675,1401.37250906449,83,153.82061642736,2335.07603811411,2027.43480525939,"softmax(Q) + gaze",2359.0786669238
56,2181.25542168675,1401.37250906449,83,153.82061642736,2335.07603811411,2027.43480525939,"softmax(Q + gaze)",2360.51216674971
57,2231.75060240964,1365.43799888565,83,149.876291509487,2381.62689391913,2081.87431090015,"Q",2548.17583976843
57,2231.75060240964,1365.43799888565,83,149.876291509487,2381.62689391913,2081.87431090015,"Q * gaze",2590.26378574345
57,2231.75060240964,1365.43799888565,83,149.876291509487,2381.62689391913,2081.87431090015,"Q + gaze",2476.10267276323
57,2231.75060240964,1365.43799888565,83,149.876291509487,2381.62689391913,2081.87431090015,"softmax(Q)",2345.3718274778
57,2231.75060240964,1365.43799888565,83,149.876291509487,2381.62689391913,2081.87431090015,"softmax(Q * gaze)",2455.08528547714
57,2231.75060240964,1365.43799888565,83,149.876291509487,2381.62689391913,2081.87431090015,"softmax(Q) * gaze",2507.36939634705
57,2231.75060240964,1365.43799888565,83,149.876291509487,2381.62689391913,2081.87431090015,"softmax(Q) + gaze",2328.59991567719
57,2231.75060240964,1365.43799888565,83,149.876291509487,2381.62689391913,2081.87431090015,"softmax(Q + gaze)",2368.45936257248
58,2152.35975903614,1055.46843919606,83,115.852712170829,2268.21247120697,2036.50704686532,"Q",2481.50901744093
58,2152.35975903614,1055.46843919606,83,115.852712170829,2268.21247120697,2036.50704686532,"Q * gaze",2610.82154394073
58,2152.35975903614,1055.46843919606,83,115.852712170829,2268.21247120697,2036.50704686532,"Q + gaze",2477.42791772596
58,2152.35975903614,1055.46843919606,83,115.852712170829,2268.21247120697,2036.50704686532,"softmax(Q)",2303.26717894
58,2152.35975903614,1055.46843919606,83,115.852712170829,2268.21247120697,2036.50704686532,"softmax(Q * gaze)",2369.49699519076
58,2152.35975903614,1055.46843919606,83,115.852712170829,2268.21247120697,2036.50704686532,"softmax(Q) * gaze",2452.23396680767
58,2152.35975903614,1055.46843919606,83,115.852712170829,2268.21247120697,2036.50704686532,"softmax(Q) + gaze",2357.84700573253
58,2152.35975903614,1055.46843919606,83,115.852712170829,2268.21247120697,2036.50704686532,"softmax(Q + gaze)",2294.50972541066
59,2278.19710843374,1375.34586149025,83,150.963820716361,2429.1609291501,2127.23328771737,"Q",2401.60035225523
59,2278.19710843374,1375.34586149025,83,150.963820716361,2429.1609291501,2127.23328771737,"Q * gaze",2450.84414191116
59,2278.19710843374,1375.34586149025,83,150.963820716361,2429.1609291501,2127.23328771737,"Q + gaze",2377.1213669718
59,2278.19710843374,1375.34586149025,83,150.963820716361,2429.1609291501,2127.23328771737,"softmax(Q)",2259.1322972559
59,2278.19710843374,1375.34586149025,83,150.963820716361,2429.1609291501,2127.23328771737,"softmax(Q * gaze)",2387.15558422283
59,2278.19710843374,1375.34586149025,83,150.963820716361,2429.1609291501,2127.23328771737,"softmax(Q) * gaze",2387.84467367586
59,2278.19710843374,1375.34586149025,83,150.963820716361,2429.1609291501,2127.23328771737,"softmax(Q) + gaze",2324.53451090585
59,2278.19710843374,1375.34586149025,83,150.963820716361,2429.1609291501,2127.23328771737,"softmax(Q + gaze)",2301.89597311003
60,2200.58975609756,1341.8794868006,82,148.185799535922,2348.77555563348,2052.40395656164,"Q",2375.38114504613
60,2200.58975609756,1341.8794868006,82,148.185799535922,2348.77555563348,2052.40395656164,"Q * gaze",2418.97436142282
60,2200.58975609756,1341.8794868006,82,148.185799535922,2348.77555563348,2052.40395656164,"Q + gaze",2361.49602029421
60,2200.58975609756,1341.8794868006,82,148.185799535922,2348.77555563348,2052.40395656164,"softmax(Q)",2263.4312565371
60,2200.58975609756,1341.8794868006,82,148.185799535922,2348.77555563348,2052.40395656164,"softmax(Q * gaze)",2363.72061299484
60,2200.58975609756,1341.8794868006,82,148.185799535922,2348.77555563348,2052.40395656164,"softmax(Q) * gaze",2330.17692572459
60,2200.58975609756,1341.8794868006,82,148.185799535922,2348.77555563348,2052.40395656164,"softmax(Q) + gaze",2299.17274546787
60,2200.58975609756,1341.8794868006,82,148.185799535922,2348.77555563348,2052.40395656164,"softmax(Q + gaze)",2272.01421887995
