"subject","gaze_beta","model","gaze_effect","fitted_effect"
1,0.252270015187647,"Q",0.25,0.0674999999999999
1,0.252270015187647,"Q * gaze",0.25,0.585
1,0.252270015187647,"Q + gaze",0.25,0.306666666666667
1,0.252270015187647,"softmax(Q)",0.25,0.0375
1,0.252270015187647,"softmax(Q * gaze)",0.25,0.5225
1,0.252270015187647,"softmax(Q) * gaze",0.25,0.35
1,0.252270015187647,"softmax(Q) + gaze",0.25,0.225833333333333
1,0.252270015187647,"softmax(Q + gaze)",0.25,0.303333333333333
2,0.209463316865894,"Q",0.75,-0.0333333333333333
2,0.209463316865894,"Q * gaze",0.75,0.765833333333333
2,0.209463316865894,"Q + gaze",0.75,0.639166666666667
2,0.209463316865894,"softmax(Q)",0.75,-0.00916666666666666
2,0.209463316865894,"softmax(Q * gaze)",0.75,0.7425
2,0.209463316865894,"softmax(Q) * gaze",0.75,0.7975
2,0.209463316865894,"softmax(Q) + gaze",0.75,0.6325
2,0.209463316865894,"softmax(Q + gaze)",0.75,0.698333333333333
3,0.239244948878143,"Q",0,-0.0708333333333333
3,0.239244948878143,"Q * gaze",0,0.49
3,0.239244948878143,"Q + gaze",0,0.145
3,0.239244948878143,"softmax(Q)",0,-0.0425
3,0.239244948878143,"softmax(Q * gaze)",0,0.459166666666667
3,0.239244948878143,"softmax(Q) * gaze",0,0.290833333333333
3,0.239244948878143,"softmax(Q) + gaze",0,0.15
3,0.239244948878143,"softmax(Q + gaze)",0,0.239166666666667
4,0.652104073568019,"Q",0.833333333333333,0.00583333333333336
4,0.652104073568019,"Q * gaze",0.833333333333333,0.764166666666667
4,0.652104073568019,"Q + gaze",0.833333333333333,0.6075
4,0.652104073568019,"softmax(Q)",0.833333333333333,-0.0083333333333333
4,0.652104073568019,"softmax(Q * gaze)",0.833333333333333,0.84
4,0.652104073568019,"softmax(Q) * gaze",0.833333333333333,0.773333333333333
4,0.652104073568019,"softmax(Q) + gaze",0.833333333333333,0.684166666666667
4,0.652104073568019,"softmax(Q + gaze)",0.833333333333333,0.820833333333333
5,0.245657979659213,"Q",0.0833333333333334,0.0516666666666666
5,0.245657979659213,"Q * gaze",0.0833333333333334,0.556666666666667
5,0.245657979659213,"Q + gaze",0.0833333333333334,0.3675
5,0.245657979659213,"softmax(Q)",0.0833333333333334,-0.00666666666666671
5,0.245657979659213,"softmax(Q * gaze)",0.0833333333333334,0.424166666666667
5,0.245657979659213,"softmax(Q) * gaze",0.0833333333333334,0.536666666666667
5,0.245657979659213,"softmax(Q) + gaze",0.0833333333333334,0.250833333333333
5,0.245657979659213,"softmax(Q + gaze)",0.0833333333333334,0.196666666666667
6,0.610596042685831,"Q",1,0.0425
6,0.610596042685831,"Q * gaze",1,0.874166666666667
6,0.610596042685831,"Q + gaze",1,0.824166666666667
6,0.610596042685831,"softmax(Q)",1,0.03
6,0.610596042685831,"softmax(Q * gaze)",1,0.949166666666667
6,0.610596042685831,"softmax(Q) * gaze",1,0.875833333333333
6,0.610596042685831,"softmax(Q) + gaze",1,0.85
6,0.610596042685831,"softmax(Q + gaze)",1,0.946666666666667
7,0.353484589645392,"Q",0.583333333333333,-0.0333333333333333
7,0.353484589645392,"Q * gaze",0.583333333333333,0.611666666666667
7,0.353484589645392,"Q + gaze",0.583333333333333,0.465833333333333
7,0.353484589645392,"softmax(Q)",0.583333333333333,-0.02
7,0.353484589645392,"softmax(Q * gaze)",0.583333333333333,0.485
7,0.353484589645392,"softmax(Q) * gaze",0.583333333333333,0.631666666666667
7,0.353484589645392,"softmax(Q) + gaze",0.583333333333333,0.484166666666667
7,0.353484589645392,"softmax(Q + gaze)",0.583333333333333,0.471666666666667
8,0.479096850876842,"Q",0.916666666666667,0.0983333333333333
8,0.479096850876842,"Q * gaze",0.916666666666667,0.715833333333333
8,0.479096850876842,"Q + gaze",0.916666666666667,0.603333333333333
8,0.479096850876842,"softmax(Q)",0.916666666666667,0.0775
8,0.479096850876842,"softmax(Q * gaze)",0.916666666666667,0.859166666666667
8,0.479096850876842,"softmax(Q) * gaze",0.916666666666667,0.7175
8,0.479096850876842,"softmax(Q) + gaze",0.916666666666667,0.639166666666667
8,0.479096850876842,"softmax(Q + gaze)",0.916666666666667,0.8725
9,0.118409886640805,"Q",0.0833333333333334,-0.0208333333333334
9,0.118409886640805,"Q * gaze",0.0833333333333334,0.330833333333333
9,0.118409886640805,"Q + gaze",0.0833333333333334,0.128333333333333
9,0.118409886640805,"softmax(Q)",0.0833333333333334,0.0508333333333334
9,0.118409886640805,"softmax(Q * gaze)",0.0833333333333334,0.3725
9,0.118409886640805,"softmax(Q) * gaze",0.0833333333333334,0.0941666666666667
9,0.118409886640805,"softmax(Q) + gaze",0.0833333333333334,0.0716666666666667
9,0.118409886640805,"softmax(Q + gaze)",0.0833333333333334,0.0758333333333334
10,0.187036300023191,"Q",0.416666666666667,0.0483333333333333
10,0.187036300023191,"Q * gaze",0.416666666666667,0.545833333333333
10,0.187036300023191,"Q + gaze",0.416666666666667,0.341666666666667
10,0.187036300023191,"softmax(Q)",0.416666666666667,0.108333333333333
10,0.187036300023191,"softmax(Q * gaze)",0.416666666666667,0.624166666666667
10,0.187036300023191,"softmax(Q) * gaze",0.416666666666667,0.4825
10,0.187036300023191,"softmax(Q) + gaze",0.416666666666667,0.234166666666667
10,0.187036300023191,"softmax(Q + gaze)",0.416666666666667,0.489166666666667
11,0.351168698269801,"Q",0.583333333333333,0.0974999999999999
11,0.351168698269801,"Q * gaze",0.583333333333333,0.54
11,0.351168698269801,"Q + gaze",0.583333333333333,0.425833333333333
11,0.351168698269801,"softmax(Q)",0.583333333333333,0.116666666666667
11,0.351168698269801,"softmax(Q * gaze)",0.583333333333333,0.575833333333333
11,0.351168698269801,"softmax(Q) * gaze",0.583333333333333,0.508333333333333
11,0.351168698269801,"softmax(Q) + gaze",0.583333333333333,0.3875
11,0.351168698269801,"softmax(Q + gaze)",0.583333333333333,0.555
12,0.436755715182017,"Q",0.583333333333333,0.0733333333333334
12,0.436755715182017,"Q * gaze",0.583333333333333,0.666666666666667
12,0.436755715182017,"Q + gaze",0.583333333333333,0.5575
12,0.436755715182017,"softmax(Q)",0.583333333333333,0.149166666666667
12,0.436755715182017,"softmax(Q * gaze)",0.583333333333333,0.6675
12,0.436755715182017,"softmax(Q) * gaze",0.583333333333333,0.603333333333333
12,0.436755715182017,"softmax(Q) + gaze",0.583333333333333,0.498333333333333
12,0.436755715182017,"softmax(Q + gaze)",0.583333333333333,0.628333333333333
13,0.786207490667189,"Q",0.833333333333333,0.00333333333333341
13,0.786207490667189,"Q * gaze",0.833333333333333,0.835833333333333
13,0.786207490667189,"Q + gaze",0.833333333333333,0.7625
13,0.786207490667189,"softmax(Q)",0.833333333333333,-0.02
13,0.786207490667189,"softmax(Q * gaze)",0.833333333333333,0.78
13,0.786207490667189,"softmax(Q) * gaze",0.833333333333333,0.8325
13,0.786207490667189,"softmax(Q) + gaze",0.833333333333333,0.8025
13,0.786207490667189,"softmax(Q + gaze)",0.833333333333333,0.8075
15,0.0562680138676274,"Q",0.333333333333333,0.0650000000000001
15,0.0562680138676274,"Q * gaze",0.333333333333333,0.639166666666667
15,0.0562680138676274,"Q + gaze",0.333333333333333,0.190833333333333
15,0.0562680138676274,"softmax(Q)",0.333333333333333,0.0275000000000001
15,0.0562680138676274,"softmax(Q * gaze)",0.333333333333333,0.395833333333333
15,0.0562680138676274,"softmax(Q) * gaze",0.333333333333333,0.6625
15,0.0562680138676274,"softmax(Q) + gaze",0.333333333333333,0.221666666666667
15,0.0562680138676274,"softmax(Q + gaze)",0.333333333333333,0.395833333333333
16,0.140560086748308,"Q",0,-0.0516666666666667
16,0.140560086748308,"Q * gaze",0,0.395833333333333
16,0.140560086748308,"Q + gaze",0,0.1375
16,0.140560086748308,"softmax(Q)",0,-0.0233333333333333
16,0.140560086748308,"softmax(Q * gaze)",0,0.385
16,0.140560086748308,"softmax(Q) * gaze",0,0.214166666666667
16,0.140560086748308,"softmax(Q) + gaze",0,0.0558333333333333
16,0.140560086748308,"softmax(Q + gaze)",0,0.0825
17,0.28311626364569,"Q",0.416666666666667,-0.0016666666666667
17,0.28311626364569,"Q * gaze",0.416666666666667,0.623333333333333
17,0.28311626364569,"Q + gaze",0.416666666666667,0.356666666666667
17,0.28311626364569,"softmax(Q)",0.416666666666667,-0.0016666666666667
17,0.28311626364569,"softmax(Q * gaze)",0.416666666666667,0.394166666666667
17,0.28311626364569,"softmax(Q) * gaze",0.416666666666667,0.605833333333333
17,0.28311626364569,"softmax(Q) + gaze",0.416666666666667,0.369166666666667
17,0.28311626364569,"softmax(Q + gaze)",0.416666666666667,0.39
18,0.216857908814431,"Q",0.583333333333333,0.00749999999999995
18,0.216857908814431,"Q * gaze",0.583333333333333,0.584166666666667
18,0.216857908814431,"Q + gaze",0.583333333333333,0.339166666666667
18,0.216857908814431,"softmax(Q)",0.583333333333333,0.0258333333333334
18,0.216857908814431,"softmax(Q * gaze)",0.583333333333333,0.4925
18,0.216857908814431,"softmax(Q) * gaze",0.583333333333333,0.531666666666667
18,0.216857908814431,"softmax(Q) + gaze",0.583333333333333,0.209166666666667
18,0.216857908814431,"softmax(Q + gaze)",0.583333333333333,0.36
19,0.404308467332064,"Q",0.666666666666667,0.109166666666667
19,0.404308467332064,"Q * gaze",0.666666666666667,0.8075
19,0.404308467332064,"Q + gaze",0.666666666666667,0.65
19,0.404308467332064,"softmax(Q)",0.666666666666667,0.0841666666666667
19,0.404308467332064,"softmax(Q * gaze)",0.666666666666667,0.8325
19,0.404308467332064,"softmax(Q) * gaze",0.666666666666667,0.7475
19,0.404308467332064,"softmax(Q) + gaze",0.666666666666667,0.5575
19,0.404308467332064,"softmax(Q + gaze)",0.666666666666667,0.700833333333333
20,0.392108724096565,"Q",0.75,0.175833333333333
20,0.392108724096565,"Q * gaze",0.75,0.656666666666667
20,0.392108724096565,"Q + gaze",0.75,0.538333333333333
20,0.392108724096565,"softmax(Q)",0.75,0.235833333333333
20,0.392108724096565,"softmax(Q * gaze)",0.75,0.703333333333333
20,0.392108724096565,"softmax(Q) * gaze",0.75,0.643333333333333
20,0.392108724096565,"softmax(Q) + gaze",0.75,0.501666666666667
20,0.392108724096565,"softmax(Q + gaze)",0.75,0.650833333333333
21,0.246503396381718,"Q",0.333333333333333,-0.0216666666666667
21,0.246503396381718,"Q * gaze",0.333333333333333,0.3825
21,0.246503396381718,"Q + gaze",0.333333333333333,0.225
21,0.246503396381718,"softmax(Q)",0.333333333333333,0.0575000000000001
21,0.246503396381718,"softmax(Q * gaze)",0.333333333333333,0.380833333333333
21,0.246503396381718,"softmax(Q) * gaze",0.333333333333333,0.226666666666667
21,0.246503396381718,"softmax(Q) + gaze",0.333333333333333,0.135
21,0.246503396381718,"softmax(Q + gaze)",0.333333333333333,0.26
23,0.0523987592542984,"Q",0.0833333333333334,0.0333333333333333
23,0.0523987592542984,"Q * gaze",0.0833333333333334,0.373333333333333
23,0.0523987592542984,"Q + gaze",0.0833333333333334,0.1625
23,0.0523987592542984,"softmax(Q)",0.0833333333333334,-0.025
23,0.0523987592542984,"softmax(Q * gaze)",0.0833333333333334,0.374166666666667
23,0.0523987592542984,"softmax(Q) * gaze",0.0833333333333334,0.17
23,0.0523987592542984,"softmax(Q) + gaze",0.0833333333333334,-0.00750000000000006
23,0.0523987592542984,"softmax(Q + gaze)",0.0833333333333334,0.0475
24,0.4165182771948,"Q",0.5,-0.0258333333333334
24,0.4165182771948,"Q * gaze",0.5,0.771666666666667
24,0.4165182771948,"Q + gaze",0.5,0.715833333333333
24,0.4165182771948,"softmax(Q)",0.5,0.0116666666666667
24,0.4165182771948,"softmax(Q * gaze)",0.5,0.698333333333333
24,0.4165182771948,"softmax(Q) * gaze",0.5,0.741666666666667
24,0.4165182771948,"softmax(Q) + gaze",0.5,0.669166666666667
24,0.4165182771948,"softmax(Q + gaze)",0.5,0.663333333333333
25,0.276579003303818,"Q",0.25,0.0983333333333334
25,0.276579003303818,"Q * gaze",0.25,0.6525
25,0.276579003303818,"Q + gaze",0.25,0.245833333333333
25,0.276579003303818,"softmax(Q)",0.25,0.0875
25,0.276579003303818,"softmax(Q * gaze)",0.25,0.513333333333333
25,0.276579003303818,"softmax(Q) * gaze",0.25,0.514166666666667
25,0.276579003303818,"softmax(Q) + gaze",0.25,0.203333333333333
25,0.276579003303818,"softmax(Q + gaze)",0.25,0.313333333333333
26,0.393751600910566,"Q",0.583333333333333,0.0925
26,0.393751600910566,"Q * gaze",0.583333333333333,0.760833333333333
26,0.393751600910566,"Q + gaze",0.583333333333333,0.635833333333333
26,0.393751600910566,"softmax(Q)",0.583333333333333,0.105
26,0.393751600910566,"softmax(Q * gaze)",0.583333333333333,0.615833333333333
26,0.393751600910566,"softmax(Q) * gaze",0.583333333333333,0.71
26,0.393751600910566,"softmax(Q) + gaze",0.583333333333333,0.585
26,0.393751600910566,"softmax(Q + gaze)",0.583333333333333,0.5425
27,0.22906283285844,"Q",0.25,-0.0308333333333334
27,0.22906283285844,"Q * gaze",0.25,0.520833333333333
27,0.22906283285844,"Q + gaze",0.25,0.200833333333333
27,0.22906283285844,"softmax(Q)",0.25,-0.0258333333333334
27,0.22906283285844,"softmax(Q * gaze)",0.25,0.313333333333333
27,0.22906283285844,"softmax(Q) * gaze",0.25,0.355
27,0.22906283285844,"softmax(Q) + gaze",0.25,0.178333333333333
27,0.22906283285844,"softmax(Q + gaze)",0.25,0.173333333333333
28,0.158615634603391,"Q",0.416666666666667,0.0841666666666667
28,0.158615634603391,"Q * gaze",0.416666666666667,0.534166666666667
28,0.158615634603391,"Q + gaze",0.416666666666667,0.245
28,0.158615634603391,"softmax(Q)",0.416666666666667,0.0266666666666666
28,0.158615634603391,"softmax(Q * gaze)",0.416666666666667,0.539166666666667
28,0.158615634603391,"softmax(Q) * gaze",0.416666666666667,0.253333333333333
28,0.158615634603391,"softmax(Q) + gaze",0.416666666666667,0.111666666666667
28,0.158615634603391,"softmax(Q + gaze)",0.416666666666667,0.253333333333333
29,0.106575525619229,"Q",0.333333333333333,0.0966666666666667
29,0.106575525619229,"Q * gaze",0.333333333333333,0.7475
29,0.106575525619229,"Q + gaze",0.333333333333333,0.325
29,0.106575525619229,"softmax(Q)",0.333333333333333,0.0716666666666667
29,0.106575525619229,"softmax(Q * gaze)",0.333333333333333,0.4925
29,0.106575525619229,"softmax(Q) * gaze",0.333333333333333,0.725
29,0.106575525619229,"softmax(Q) + gaze",0.333333333333333,0.310833333333333
29,0.106575525619229,"softmax(Q + gaze)",0.333333333333333,0.356666666666667
30,0.336507106194445,"Q",0.333333333333333,0.0599999999999999
30,0.336507106194445,"Q * gaze",0.333333333333333,0.6775
30,0.336507106194445,"Q + gaze",0.333333333333333,0.524166666666667
30,0.336507106194445,"softmax(Q)",0.333333333333333,0.03
30,0.336507106194445,"softmax(Q * gaze)",0.333333333333333,0.639166666666667
30,0.336507106194445,"softmax(Q) * gaze",0.333333333333333,0.658333333333333
30,0.336507106194445,"softmax(Q) + gaze",0.333333333333333,0.495833333333333
30,0.336507106194445,"softmax(Q + gaze)",0.333333333333333,0.6025
31,0.242538048769365,"Q",0.333333333333333,0.0625
31,0.242538048769365,"Q * gaze",0.333333333333333,0.595833333333333
31,0.242538048769365,"Q + gaze",0.333333333333333,0.540833333333333
31,0.242538048769365,"softmax(Q)",0.333333333333333,0.0325
31,0.242538048769365,"softmax(Q * gaze)",0.333333333333333,0.484166666666667
31,0.242538048769365,"softmax(Q) * gaze",0.333333333333333,0.265833333333333
31,0.242538048769365,"softmax(Q) + gaze",0.333333333333333,0.213333333333333
31,0.242538048769365,"softmax(Q + gaze)",0.333333333333333,0.2575
32,0.372353804944842,"Q",0.666666666666667,0.1325
32,0.372353804944842,"Q * gaze",0.666666666666667,0.853333333333333
32,0.372353804944842,"Q + gaze",0.666666666666667,0.755
32,0.372353804944842,"softmax(Q)",0.666666666666667,0.1625
32,0.372353804944842,"softmax(Q * gaze)",0.666666666666667,0.8325
32,0.372353804944842,"softmax(Q) * gaze",0.666666666666667,0.8325
32,0.372353804944842,"softmax(Q) + gaze",0.666666666666667,0.720833333333333
32,0.372353804944842,"softmax(Q + gaze)",0.666666666666667,0.844166666666667
35,0.311556837138441,"Q",0.666666666666667,-0.00166666666666659
35,0.311556837138441,"Q * gaze",0.666666666666667,0.655
35,0.311556837138441,"Q + gaze",0.666666666666667,0.453333333333333
35,0.311556837138441,"softmax(Q)",0.666666666666667,0.0508333333333333
35,0.311556837138441,"softmax(Q * gaze)",0.666666666666667,0.5325
35,0.311556837138441,"softmax(Q) * gaze",0.666666666666667,0.651666666666667
35,0.311556837138441,"softmax(Q) + gaze",0.666666666666667,0.46
35,0.311556837138441,"softmax(Q + gaze)",0.666666666666667,0.516666666666667
36,0.107848069657155,"Q",-0.0833333333333334,0.01
36,0.107848069657155,"Q * gaze",-0.0833333333333334,0.646666666666667
36,0.107848069657155,"Q + gaze",-0.0833333333333334,0.26
36,0.107848069657155,"softmax(Q)",-0.0833333333333334,0.005
36,0.107848069657155,"softmax(Q * gaze)",-0.0833333333333334,0.388333333333333
36,0.107848069657155,"softmax(Q) * gaze",-0.0833333333333334,0.613333333333333
36,0.107848069657155,"softmax(Q) + gaze",-0.0833333333333334,0.2275
36,0.107848069657155,"softmax(Q + gaze)",-0.0833333333333334,0.283333333333333
37,0.276805160793637,"Q",0.666666666666667,0.138333333333333
37,0.276805160793637,"Q * gaze",0.666666666666667,0.641666666666667
37,0.276805160793637,"Q + gaze",0.666666666666667,0.575833333333333
37,0.276805160793637,"softmax(Q)",0.666666666666667,0.1325
37,0.276805160793637,"softmax(Q * gaze)",0.666666666666667,0.709166666666667
37,0.276805160793637,"softmax(Q) * gaze",0.666666666666667,0.56
37,0.276805160793637,"softmax(Q) + gaze",0.666666666666667,0.336666666666667
37,0.276805160793637,"softmax(Q + gaze)",0.666666666666667,0.5975
38,0.274218716902054,"Q",0.833333333333333,0.055
38,0.274218716902054,"Q * gaze",0.833333333333333,0.730833333333333
38,0.274218716902054,"Q + gaze",0.833333333333333,0.636666666666667
38,0.274218716902054,"softmax(Q)",0.833333333333333,0.07
38,0.274218716902054,"softmax(Q * gaze)",0.833333333333333,0.821666666666667
38,0.274218716902054,"softmax(Q) * gaze",0.833333333333333,0.698333333333333
38,0.274218716902054,"softmax(Q) + gaze",0.833333333333333,0.523333333333333
38,0.274218716902054,"softmax(Q + gaze)",0.833333333333333,0.825
39,0.235169862774921,"Q",0.333333333333333,0.0166666666666666
39,0.235169862774921,"Q * gaze",0.333333333333333,0.515
39,0.235169862774921,"Q + gaze",0.333333333333333,0.279166666666667
39,0.235169862774921,"softmax(Q)",0.333333333333333,0.0399999999999999
39,0.235169862774921,"softmax(Q * gaze)",0.333333333333333,0.54
39,0.235169862774921,"softmax(Q) * gaze",0.333333333333333,0.475
39,0.235169862774921,"softmax(Q) + gaze",0.333333333333333,0.2625
39,0.235169862774921,"softmax(Q + gaze)",0.333333333333333,0.483333333333333
40,0.500644526080825,"Q",0.5,0.134166666666667
40,0.500644526080825,"Q * gaze",0.5,0.700833333333333
40,0.500644526080825,"Q + gaze",0.5,0.599166666666667
40,0.500644526080825,"softmax(Q)",0.5,0.196666666666667
40,0.500644526080825,"softmax(Q * gaze)",0.5,0.695833333333333
40,0.500644526080825,"softmax(Q) * gaze",0.5,0.696666666666667
40,0.500644526080825,"softmax(Q) + gaze",0.5,0.569166666666667
40,0.500644526080825,"softmax(Q + gaze)",0.5,0.714166666666667
41,0.342998698949146,"Q",0.5,0.0974999999999999
41,0.342998698949146,"Q * gaze",0.5,0.874166666666667
41,0.342998698949146,"Q + gaze",0.5,0.624166666666667
41,0.342998698949146,"softmax(Q)",0.5,0.16
41,0.342998698949146,"softmax(Q * gaze)",0.5,0.625833333333333
41,0.342998698949146,"softmax(Q) * gaze",0.5,0.866666666666667
41,0.342998698949146,"softmax(Q) + gaze",0.5,0.5875
41,0.342998698949146,"softmax(Q + gaze)",0.5,0.585833333333333
42,0.106158225512621,"Q",-0.0833333333333334,-0.00916666666666666
42,0.106158225512621,"Q * gaze",-0.0833333333333334,0.478333333333333
42,0.106158225512621,"Q + gaze",-0.0833333333333334,0.104166666666667
42,0.106158225512621,"softmax(Q)",-0.0833333333333334,0.0325000000000001
42,0.106158225512621,"softmax(Q * gaze)",-0.0833333333333334,0.4225
42,0.106158225512621,"softmax(Q) * gaze",-0.0833333333333334,0.395833333333333
42,0.106158225512621,"softmax(Q) + gaze",-0.0833333333333334,0.146666666666667
42,0.106158225512621,"softmax(Q + gaze)",-0.0833333333333334,0.140833333333333
43,0.155905110795551,"Q",0.333333333333333,-0.00250000000000006
43,0.155905110795551,"Q * gaze",0.333333333333333,0.544166666666667
43,0.155905110795551,"Q + gaze",0.333333333333333,0.123333333333333
43,0.155905110795551,"softmax(Q)",0.333333333333333,-0.025
43,0.155905110795551,"softmax(Q * gaze)",0.333333333333333,0.539166666666667
43,0.155905110795551,"softmax(Q) * gaze",0.333333333333333,0.344166666666667
43,0.155905110795551,"softmax(Q) + gaze",0.333333333333333,0.158333333333333
43,0.155905110795551,"softmax(Q + gaze)",0.333333333333333,0.314166666666667
44,0.124855923028942,"Q",0.166666666666667,-0.0341666666666667
44,0.124855923028942,"Q * gaze",0.166666666666667,0.615
44,0.124855923028942,"Q + gaze",0.166666666666667,0.253333333333333
44,0.124855923028942,"softmax(Q)",0.166666666666667,-0.0725
44,0.124855923028942,"softmax(Q * gaze)",0.166666666666667,0.418333333333333
44,0.124855923028942,"softmax(Q) * gaze",0.166666666666667,0.545
44,0.124855923028942,"softmax(Q) + gaze",0.166666666666667,0.249166666666667
44,0.124855923028942,"softmax(Q + gaze)",0.166666666666667,0.286666666666667
45,0.075243051004415,"Q",0.25,0.0583333333333333
45,0.075243051004415,"Q * gaze",0.25,0.541666666666667
45,0.075243051004415,"Q + gaze",0.25,0.180833333333333
45,0.075243051004415,"softmax(Q)",0.25,0.0458333333333334
45,0.075243051004415,"softmax(Q * gaze)",0.25,0.579166666666667
45,0.075243051004415,"softmax(Q) * gaze",0.25,0.464166666666667
45,0.075243051004415,"softmax(Q) + gaze",0.25,0.163333333333333
45,0.075243051004415,"softmax(Q + gaze)",0.25,0.296666666666667
46,0.0355035870198585,"Q",0.333333333333333,-0.0241666666666667
46,0.0355035870198585,"Q * gaze",0.333333333333333,0.361666666666667
46,0.0355035870198585,"Q + gaze",0.333333333333333,0.1
46,0.0355035870198585,"softmax(Q)",0.333333333333333,0.00749999999999995
46,0.0355035870198585,"softmax(Q * gaze)",0.333333333333333,0.3375
46,0.0355035870198585,"softmax(Q) * gaze",0.333333333333333,0.378333333333333
46,0.0355035870198585,"softmax(Q) + gaze",0.333333333333333,0.0958333333333333
46,0.0355035870198585,"softmax(Q + gaze)",0.333333333333333,0.274166666666667
47,0.115028422109591,"Q",0.25,0.0891666666666666
47,0.115028422109591,"Q * gaze",0.25,0.6075
47,0.115028422109591,"Q + gaze",0.25,0.299166666666667
47,0.115028422109591,"softmax(Q)",0.25,0.0608333333333333
47,0.115028422109591,"softmax(Q * gaze)",0.25,0.4475
47,0.115028422109591,"softmax(Q) * gaze",0.25,0.483333333333333
47,0.115028422109591,"softmax(Q) + gaze",0.25,0.1875
47,0.115028422109591,"softmax(Q + gaze)",0.25,0.195
48,0.106128846897073,"Q",0.166666666666667,0.130833333333333
48,0.106128846897073,"Q * gaze",0.166666666666667,0.566666666666667
48,0.106128846897073,"Q + gaze",0.166666666666667,0.216666666666667
48,0.106128846897073,"softmax(Q)",0.166666666666667,0.106666666666667
48,0.106128846897073,"softmax(Q * gaze)",0.166666666666667,0.549166666666667
48,0.106128846897073,"softmax(Q) * gaze",0.166666666666667,0.27
48,0.106128846897073,"softmax(Q) + gaze",0.166666666666667,0.1425
48,0.106128846897073,"softmax(Q + gaze)",0.166666666666667,0.193333333333333
49,0.130443416767482,"Q",0.0833333333333334,0.0366666666666666
49,0.130443416767482,"Q * gaze",0.0833333333333334,0.485833333333333
49,0.130443416767482,"Q + gaze",0.0833333333333334,0.158333333333333
49,0.130443416767482,"softmax(Q)",0.0833333333333334,0.0416666666666666
49,0.130443416767482,"softmax(Q * gaze)",0.0833333333333334,0.413333333333333
49,0.130443416767482,"softmax(Q) * gaze",0.0833333333333334,0.449166666666667
49,0.130443416767482,"softmax(Q) + gaze",0.0833333333333334,0.258333333333333
49,0.130443416767482,"softmax(Q + gaze)",0.0833333333333334,0.2975
50,0.503073135818599,"Q",0.583333333333333,0.0291666666666667
50,0.503073135818599,"Q * gaze",0.583333333333333,0.573333333333333
50,0.503073135818599,"Q + gaze",0.583333333333333,0.505
50,0.503073135818599,"softmax(Q)",0.583333333333333,0.0333333333333333
50,0.503073135818599,"softmax(Q * gaze)",0.583333333333333,0.488333333333333
50,0.503073135818599,"softmax(Q) * gaze",0.583333333333333,0.540833333333333
50,0.503073135818599,"softmax(Q) + gaze",0.583333333333333,0.481666666666667
50,0.503073135818599,"softmax(Q + gaze)",0.583333333333333,0.503333333333333
52,0.160553267458467,"Q",0.333333333333333,-0.0666666666666667
52,0.160553267458467,"Q * gaze",0.333333333333333,0.523333333333333
52,0.160553267458467,"Q + gaze",0.333333333333333,0.1575
52,0.160553267458467,"softmax(Q)",0.333333333333333,-0.0516666666666666
52,0.160553267458467,"softmax(Q * gaze)",0.333333333333333,0.496666666666667
52,0.160553267458467,"softmax(Q) * gaze",0.333333333333333,0.415
52,0.160553267458467,"softmax(Q) + gaze",0.333333333333333,0.141666666666667
52,0.160553267458467,"softmax(Q + gaze)",0.333333333333333,0.276666666666667
53,0.199578128485459,"Q",0.5,0.148333333333333
53,0.199578128485459,"Q * gaze",0.5,0.584166666666667
53,0.199578128485459,"Q + gaze",0.5,0.395833333333333
53,0.199578128485459,"softmax(Q)",0.5,0.19
53,0.199578128485459,"softmax(Q * gaze)",0.5,0.629166666666667
53,0.199578128485459,"softmax(Q) * gaze",0.5,0.524166666666667
53,0.199578128485459,"softmax(Q) + gaze",0.5,0.36
53,0.199578128485459,"softmax(Q + gaze)",0.5,0.519166666666667
54,0.255662803399491,"Q",0.333333333333333,0.124166666666667
54,0.255662803399491,"Q * gaze",0.333333333333333,0.586666666666667
54,0.255662803399491,"Q + gaze",0.333333333333333,0.395
54,0.255662803399491,"softmax(Q)",0.333333333333333,0.111666666666667
54,0.255662803399491,"softmax(Q * gaze)",0.333333333333333,0.578333333333333
54,0.255662803399491,"softmax(Q) * gaze",0.333333333333333,0.359166666666667
54,0.255662803399491,"softmax(Q) + gaze",0.333333333333333,0.270833333333333
54,0.255662803399491,"softmax(Q + gaze)",0.333333333333333,0.363333333333333
56,0.220499944354098,"Q",0.5,0.155833333333333
56,0.220499944354098,"Q * gaze",0.5,0.729166666666667
56,0.220499944354098,"Q + gaze",0.5,0.461666666666667
56,0.220499944354098,"softmax(Q)",0.5,0.201666666666667
56,0.220499944354098,"softmax(Q * gaze)",0.5,0.67
56,0.220499944354098,"softmax(Q) * gaze",0.5,0.6575
56,0.220499944354098,"softmax(Q) + gaze",0.5,0.410833333333333
56,0.220499944354098,"softmax(Q + gaze)",0.5,0.520833333333333
57,0.34175220356378,"Q",0.666666666666667,0.0783333333333334
57,0.34175220356378,"Q * gaze",0.666666666666667,0.660833333333333
57,0.34175220356378,"Q + gaze",0.666666666666667,0.479166666666667
57,0.34175220356378,"softmax(Q)",0.666666666666667,0.108333333333333
57,0.34175220356378,"softmax(Q * gaze)",0.666666666666667,0.611666666666667
57,0.34175220356378,"softmax(Q) * gaze",0.666666666666667,0.666666666666667
57,0.34175220356378,"softmax(Q) + gaze",0.666666666666667,0.509166666666667
57,0.34175220356378,"softmax(Q + gaze)",0.666666666666667,0.590833333333333
58,0.282575672895318,"Q",0.25,0.0275000000000001
58,0.282575672895318,"Q * gaze",0.25,0.649166666666667
58,0.282575672895318,"Q + gaze",0.25,0.46
58,0.282575672895318,"softmax(Q)",0.25,0.08
58,0.282575672895318,"softmax(Q * gaze)",0.25,0.4425
58,0.282575672895318,"softmax(Q) * gaze",0.25,0.56
58,0.282575672895318,"softmax(Q) + gaze",0.25,0.326666666666667
58,0.282575672895318,"softmax(Q + gaze)",0.25,0.32
59,0.452300017195617,"Q",0.416666666666667,0.015
59,0.452300017195617,"Q * gaze",0.416666666666667,0.664166666666667
59,0.452300017195617,"Q + gaze",0.416666666666667,0.554166666666667
59,0.452300017195617,"softmax(Q)",0.416666666666667,0.00333333333333341
59,0.452300017195617,"softmax(Q * gaze)",0.416666666666667,0.579166666666667
59,0.452300017195617,"softmax(Q) * gaze",0.416666666666667,0.574166666666667
59,0.452300017195617,"softmax(Q) + gaze",0.416666666666667,0.3725
59,0.452300017195617,"softmax(Q + gaze)",0.416666666666667,0.459166666666667
60,0.351227358644191,"Q",0.583333333333333,-0.0208333333333333
60,0.351227358644191,"Q * gaze",0.583333333333333,0.676666666666667
60,0.351227358644191,"Q + gaze",0.583333333333333,0.525833333333333
60,0.351227358644191,"softmax(Q)",0.583333333333333,-0.00333333333333341
60,0.351227358644191,"softmax(Q * gaze)",0.583333333333333,0.48
60,0.351227358644191,"softmax(Q) * gaze",0.583333333333333,0.594166666666667
60,0.351227358644191,"softmax(Q) + gaze",0.583333333333333,0.5225
60,0.351227358644191,"softmax(Q + gaze)",0.583333333333333,0.4425
61,0.317764463697074,"Q",0.583333333333333,0.0233333333333334
61,0.317764463697074,"Q * gaze",0.583333333333333,0.6425
61,0.317764463697074,"Q + gaze",0.583333333333333,0.546666666666667
61,0.317764463697074,"softmax(Q)",0.583333333333333,0.0308333333333334
61,0.317764463697074,"softmax(Q * gaze)",0.583333333333333,0.639166666666667
61,0.317764463697074,"softmax(Q) * gaze",0.583333333333333,0.551666666666667
61,0.317764463697074,"softmax(Q) + gaze",0.583333333333333,0.45
61,0.317764463697074,"softmax(Q + gaze)",0.583333333333333,0.63
62,0.133693835112387,"Q",0.75,-0.0033333333333333
62,0.133693835112387,"Q * gaze",0.75,0.8125
62,0.133693835112387,"Q + gaze",0.75,0.530833333333333
62,0.133693835112387,"softmax(Q)",0.75,-0.0066666666666666
62,0.133693835112387,"softmax(Q * gaze)",0.75,0.731666666666667
62,0.133693835112387,"softmax(Q) * gaze",0.75,0.7875
62,0.133693835112387,"softmax(Q) + gaze",0.75,0.526666666666667
62,0.133693835112387,"softmax(Q + gaze)",0.75,0.755
63,0.199259251756509,"Q",0.416666666666667,-0.0275
63,0.199259251756509,"Q * gaze",0.416666666666667,0.4925
63,0.199259251756509,"Q + gaze",0.416666666666667,0.228333333333333
63,0.199259251756509,"softmax(Q)",0.416666666666667,-0.0675
63,0.199259251756509,"softmax(Q * gaze)",0.416666666666667,0.486666666666667
63,0.199259251756509,"softmax(Q) * gaze",0.416666666666667,0.363333333333333
63,0.199259251756509,"softmax(Q) + gaze",0.416666666666667,0.185833333333333
63,0.199259251756509,"softmax(Q + gaze)",0.416666666666667,0.348333333333333
64,0.177759812279132,"Q",0.416666666666667,-0.00166666666666659
64,0.177759812279132,"Q * gaze",0.416666666666667,0.428333333333333
64,0.177759812279132,"Q + gaze",0.416666666666667,0.244166666666667
64,0.177759812279132,"softmax(Q)",0.416666666666667,0.0191666666666667
64,0.177759812279132,"softmax(Q * gaze)",0.416666666666667,0.440833333333333
64,0.177759812279132,"softmax(Q) * gaze",0.416666666666667,0.410833333333333
64,0.177759812279132,"softmax(Q) + gaze",0.416666666666667,0.263333333333333
64,0.177759812279132,"softmax(Q + gaze)",0.416666666666667,0.3725
65,0.101307349545725,"Q",0.0833333333333334,-0.0583333333333333
65,0.101307349545725,"Q * gaze",0.0833333333333334,0.314166666666667
65,0.101307349545725,"Q + gaze",0.0833333333333334,0.1125
65,0.101307349545725,"softmax(Q)",0.0833333333333334,-0.0516666666666666
65,0.101307349545725,"softmax(Q * gaze)",0.0833333333333334,0.206666666666667
65,0.101307349545725,"softmax(Q) * gaze",0.0833333333333334,0.293333333333333
65,0.101307349545725,"softmax(Q) + gaze",0.0833333333333334,0.131666666666667
65,0.101307349545725,"softmax(Q + gaze)",0.0833333333333334,0.190833333333333
66,0.26569529785855,"Q",0.916666666666667,-0.0383333333333333
66,0.26569529785855,"Q * gaze",0.916666666666667,0.963333333333333
66,0.26569529785855,"Q + gaze",0.916666666666667,0.908333333333333
66,0.26569529785855,"softmax(Q)",0.916666666666667,0.0175000000000001
66,0.26569529785855,"softmax(Q * gaze)",0.916666666666667,0.9725
66,0.26569529785855,"softmax(Q) * gaze",0.916666666666667,0.966666666666667
66,0.26569529785855,"softmax(Q) + gaze",0.916666666666667,0.89
66,0.26569529785855,"softmax(Q + gaze)",0.916666666666667,0.973333333333333
67,0.403415730296842,"Q",0.916666666666667,-0.0108333333333333
67,0.403415730296842,"Q * gaze",0.916666666666667,0.913333333333333
67,0.403415730296842,"Q + gaze",0.916666666666667,0.909166666666667
67,0.403415730296842,"softmax(Q)",0.916666666666667,0.035
67,0.403415730296842,"softmax(Q * gaze)",0.916666666666667,0.970833333333333
67,0.403415730296842,"softmax(Q) * gaze",0.916666666666667,0.924166666666667
67,0.403415730296842,"softmax(Q) + gaze",0.916666666666667,0.911666666666667
67,0.403415730296842,"softmax(Q + gaze)",0.916666666666667,0.960833333333333
68,0.340122450817208,"Q",0.5,-0.0383333333333333
68,0.340122450817208,"Q * gaze",0.5,0.531666666666667
68,0.340122450817208,"Q + gaze",0.5,0.358333333333333
68,0.340122450817208,"softmax(Q)",0.5,-0.0275
68,0.340122450817208,"softmax(Q * gaze)",0.5,0.515833333333333
68,0.340122450817208,"softmax(Q) * gaze",0.5,0.5
68,0.340122450817208,"softmax(Q) + gaze",0.5,0.404166666666667
68,0.340122450817208,"softmax(Q + gaze)",0.5,0.516666666666667
69,0.207056444673731,"Q",0.25,0.1125
69,0.207056444673731,"Q * gaze",0.25,0.5125
69,0.207056444673731,"Q + gaze",0.25,0.246666666666667
69,0.207056444673731,"softmax(Q)",0.25,0.0766666666666667
69,0.207056444673731,"softmax(Q * gaze)",0.25,0.478333333333333
69,0.207056444673731,"softmax(Q) * gaze",0.25,0.308333333333333
69,0.207056444673731,"softmax(Q) + gaze",0.25,0.243333333333333
69,0.207056444673731,"softmax(Q + gaze)",0.25,0.2775
70,0.214973351995771,"Q",0.333333333333333,0.0258333333333334
70,0.214973351995771,"Q * gaze",0.333333333333333,0.511666666666667
70,0.214973351995771,"Q + gaze",0.333333333333333,0.153333333333333
70,0.214973351995771,"softmax(Q)",0.333333333333333,-0.0525
70,0.214973351995771,"softmax(Q * gaze)",0.333333333333333,0.533333333333333
70,0.214973351995771,"softmax(Q) * gaze",0.333333333333333,0.285
70,0.214973351995771,"softmax(Q) + gaze",0.333333333333333,0.1225
70,0.214973351995771,"softmax(Q + gaze)",0.333333333333333,0.185833333333333
71,0.135611199299687,"Q",0.333333333333333,0.0291666666666667
71,0.135611199299687,"Q * gaze",0.333333333333333,0.393333333333333
71,0.135611199299687,"Q + gaze",0.333333333333333,0.229166666666667
71,0.135611199299687,"softmax(Q)",0.333333333333333,0.0125
71,0.135611199299687,"softmax(Q * gaze)",0.333333333333333,0.443333333333333
71,0.135611199299687,"softmax(Q) * gaze",0.333333333333333,0.285833333333333
71,0.135611199299687,"softmax(Q) + gaze",0.333333333333333,0.0883333333333334
71,0.135611199299687,"softmax(Q + gaze)",0.333333333333333,0.354166666666667
72,0.148333243037756,"Q",0.416666666666667,0.0225
72,0.148333243037756,"Q * gaze",0.416666666666667,0.77
72,0.148333243037756,"Q + gaze",0.416666666666667,0.511666666666667
72,0.148333243037756,"softmax(Q)",0.416666666666667,0.00583333333333336
72,0.148333243037756,"softmax(Q * gaze)",0.416666666666667,0.5775
72,0.148333243037756,"softmax(Q) * gaze",0.416666666666667,0.7525
72,0.148333243037756,"softmax(Q) + gaze",0.416666666666667,0.504166666666667
72,0.148333243037756,"softmax(Q + gaze)",0.416666666666667,0.5825
73,0.338580324763966,"Q",0.583333333333333,0.0549999999999999
73,0.338580324763966,"Q * gaze",0.583333333333333,0.683333333333333
73,0.338580324763966,"Q + gaze",0.583333333333333,0.515833333333333
73,0.338580324763966,"softmax(Q)",0.583333333333333,0.0449999999999999
73,0.338580324763966,"softmax(Q * gaze)",0.583333333333333,0.6775
73,0.338580324763966,"softmax(Q) * gaze",0.583333333333333,0.614166666666667
73,0.338580324763966,"softmax(Q) + gaze",0.583333333333333,0.4575
73,0.338580324763966,"softmax(Q + gaze)",0.583333333333333,0.624166666666667
74,0.186188769797313,"Q",0.333333333333333,0.165
74,0.186188769797313,"Q * gaze",0.333333333333333,0.665
74,0.186188769797313,"Q + gaze",0.333333333333333,0.349166666666667
74,0.186188769797313,"softmax(Q)",0.333333333333333,0.1125
74,0.186188769797313,"softmax(Q * gaze)",0.333333333333333,0.6675
74,0.186188769797313,"softmax(Q) * gaze",0.333333333333333,0.478333333333333
74,0.186188769797313,"softmax(Q) + gaze",0.333333333333333,0.299166666666667
74,0.186188769797313,"softmax(Q + gaze)",0.333333333333333,0.3225
75,0.181139432487704,"Q",0.416666666666667,0.0408333333333334
75,0.181139432487704,"Q * gaze",0.416666666666667,0.671666666666667
75,0.181139432487704,"Q + gaze",0.416666666666667,0.395
75,0.181139432487704,"softmax(Q)",0.416666666666667,0.0399999999999999
75,0.181139432487704,"softmax(Q * gaze)",0.416666666666667,0.5725
75,0.181139432487704,"softmax(Q) * gaze",0.416666666666667,0.6775
75,0.181139432487704,"softmax(Q) + gaze",0.416666666666667,0.3625
75,0.181139432487704,"softmax(Q + gaze)",0.416666666666667,0.481666666666667
76,0.30017978982903,"Q",0.333333333333333,-0.00833333333333341
76,0.30017978982903,"Q * gaze",0.333333333333333,0.478333333333333
76,0.30017978982903,"Q + gaze",0.333333333333333,0.27
76,0.30017978982903,"softmax(Q)",0.333333333333333,0.0741666666666666
76,0.30017978982903,"softmax(Q * gaze)",0.333333333333333,0.4275
76,0.30017978982903,"softmax(Q) * gaze",0.333333333333333,0.369166666666667
76,0.30017978982903,"softmax(Q) + gaze",0.333333333333333,0.268333333333333
76,0.30017978982903,"softmax(Q + gaze)",0.333333333333333,0.2675
77,0.380056432974087,"Q",0.583333333333333,-0.0108333333333333
77,0.380056432974087,"Q * gaze",0.583333333333333,0.5725
77,0.380056432974087,"Q + gaze",0.583333333333333,0.453333333333333
77,0.380056432974087,"softmax(Q)",0.583333333333333,0.0175000000000001
77,0.380056432974087,"softmax(Q * gaze)",0.583333333333333,0.599166666666667
77,0.380056432974087,"softmax(Q) * gaze",0.583333333333333,0.529166666666667
77,0.380056432974087,"softmax(Q) + gaze",0.583333333333333,0.4175
77,0.380056432974087,"softmax(Q + gaze)",0.583333333333333,0.653333333333333
78,0.312293168432387,"Q",0.166666666666667,-0.0183333333333333
78,0.312293168432387,"Q * gaze",0.166666666666667,0.466666666666667
78,0.312293168432387,"Q + gaze",0.166666666666667,0.311666666666667
78,0.312293168432387,"softmax(Q)",0.166666666666667,0.00833333333333341
78,0.312293168432387,"softmax(Q * gaze)",0.166666666666667,0.379166666666667
78,0.312293168432387,"softmax(Q) * gaze",0.166666666666667,0.4925
78,0.312293168432387,"softmax(Q) + gaze",0.166666666666667,0.365833333333333
78,0.312293168432387,"softmax(Q + gaze)",0.166666666666667,0.413333333333333
79,0.417196684430066,"Q",0.166666666666667,0.0549999999999999
79,0.417196684430066,"Q * gaze",0.166666666666667,0.548333333333333
79,0.417196684430066,"Q + gaze",0.166666666666667,0.341666666666667
79,0.417196684430066,"softmax(Q)",0.166666666666667,0.0708333333333333
79,0.417196684430066,"softmax(Q * gaze)",0.166666666666667,0.370833333333333
79,0.417196684430066,"softmax(Q) * gaze",0.166666666666667,0.37
79,0.417196684430066,"softmax(Q) + gaze",0.166666666666667,0.179166666666667
79,0.417196684430066,"softmax(Q + gaze)",0.166666666666667,0.29
80,0.499487060243538,"Q",0.5,0.0258333333333333
80,0.499487060243538,"Q * gaze",0.5,0.561666666666667
80,0.499487060243538,"Q + gaze",0.5,0.530833333333333
80,0.499487060243538,"softmax(Q)",0.5,0.0425000000000001
80,0.499487060243538,"softmax(Q * gaze)",0.5,0.5275
80,0.499487060243538,"softmax(Q) * gaze",0.5,0.475833333333333
80,0.499487060243538,"softmax(Q) + gaze",0.5,0.405833333333333
80,0.499487060243538,"softmax(Q + gaze)",0.5,0.510833333333333
81,0.329091655409341,"Q",0.5,0.0733333333333333
81,0.329091655409341,"Q * gaze",0.5,0.48
81,0.329091655409341,"Q + gaze",0.5,0.399166666666667
81,0.329091655409341,"softmax(Q)",0.5,0.0016666666666667
81,0.329091655409341,"softmax(Q * gaze)",0.5,0.4425
81,0.329091655409341,"softmax(Q) * gaze",0.5,0.305
81,0.329091655409341,"softmax(Q) + gaze",0.5,0.266666666666667
81,0.329091655409341,"softmax(Q + gaze)",0.5,0.35
82,0.430234984677114,"Q",0.25,-0.0874999999999999
82,0.430234984677114,"Q * gaze",0.25,0.563333333333333
82,0.430234984677114,"Q + gaze",0.25,0.466666666666667
82,0.430234984677114,"softmax(Q)",0.25,-0.0958333333333333
82,0.430234984677114,"softmax(Q * gaze)",0.25,0.46
82,0.430234984677114,"softmax(Q) * gaze",0.25,0.4975
82,0.430234984677114,"softmax(Q) + gaze",0.25,0.3975
82,0.430234984677114,"softmax(Q + gaze)",0.25,0.425833333333333
83,0.243209145516321,"Q",0.583333333333333,0.0766666666666665
83,0.243209145516321,"Q * gaze",0.583333333333333,0.690833333333333
83,0.243209145516321,"Q + gaze",0.583333333333333,0.459166666666667
83,0.243209145516321,"softmax(Q)",0.583333333333333,0.0833333333333333
83,0.243209145516321,"softmax(Q * gaze)",0.583333333333333,0.670833333333333
83,0.243209145516321,"softmax(Q) * gaze",0.583333333333333,0.600833333333333
83,0.243209145516321,"softmax(Q) + gaze",0.583333333333333,0.358333333333333
83,0.243209145516321,"softmax(Q + gaze)",0.583333333333333,0.435833333333333
84,0.205431752351446,"Q",0.583333333333333,0.109166666666667
84,0.205431752351446,"Q * gaze",0.583333333333333,0.591666666666667
84,0.205431752351446,"Q + gaze",0.583333333333333,0.38
84,0.205431752351446,"softmax(Q)",0.583333333333333,0.175833333333333
84,0.205431752351446,"softmax(Q * gaze)",0.583333333333333,0.674166666666667
84,0.205431752351446,"softmax(Q) * gaze",0.583333333333333,0.5575
84,0.205431752351446,"softmax(Q) + gaze",0.583333333333333,0.381666666666667
84,0.205431752351446,"softmax(Q + gaze)",0.583333333333333,0.545
85,0.129744339023462,"Q",0.5,0.0066666666666666
85,0.129744339023462,"Q * gaze",0.5,0.771666666666667
85,0.129744339023462,"Q + gaze",0.5,0.508333333333333
85,0.129744339023462,"softmax(Q)",0.5,-0.00749999999999995
85,0.129744339023462,"softmax(Q * gaze)",0.5,0.743333333333333
85,0.129744339023462,"softmax(Q) * gaze",0.5,0.761666666666667
85,0.129744339023462,"softmax(Q) + gaze",0.5,0.536666666666667
85,0.129744339023462,"softmax(Q + gaze)",0.5,0.760833333333333
86,0.089513713356408,"Q",0.0833333333333334,0
86,0.089513713356408,"Q * gaze",0.0833333333333334,0.560833333333333
86,0.089513713356408,"Q + gaze",0.0833333333333334,0.195833333333333
86,0.089513713356408,"softmax(Q)",0.0833333333333334,0.0166666666666667
86,0.089513713356408,"softmax(Q * gaze)",0.0833333333333334,0.435
86,0.089513713356408,"softmax(Q) * gaze",0.0833333333333334,0.526666666666667
86,0.089513713356408,"softmax(Q) + gaze",0.0833333333333334,0.209166666666667
86,0.089513713356408,"softmax(Q + gaze)",0.0833333333333334,0.213333333333333
88,0.267261494941866,"Q",0.333333333333333,0.0141666666666667
88,0.267261494941866,"Q * gaze",0.333333333333333,0.579166666666667
88,0.267261494941866,"Q + gaze",0.333333333333333,0.386666666666667
88,0.267261494941866,"softmax(Q)",0.333333333333333,0.0816666666666667
88,0.267261494941866,"softmax(Q * gaze)",0.333333333333333,0.288333333333333
88,0.267261494941866,"softmax(Q) * gaze",0.333333333333333,0.570833333333333
88,0.267261494941866,"softmax(Q) + gaze",0.333333333333333,0.360833333333333
88,0.267261494941866,"softmax(Q + gaze)",0.333333333333333,0.251666666666667
89,0.312691692522274,"Q",0.666666666666667,0.0358333333333333
89,0.312691692522274,"Q * gaze",0.666666666666667,0.565
89,0.312691692522274,"Q + gaze",0.666666666666667,0.401666666666667
89,0.312691692522274,"softmax(Q)",0.666666666666667,0.09
89,0.312691692522274,"softmax(Q * gaze)",0.666666666666667,0.604166666666667
89,0.312691692522274,"softmax(Q) * gaze",0.666666666666667,0.564166666666667
89,0.312691692522274,"softmax(Q) + gaze",0.666666666666667,0.468333333333333
89,0.312691692522274,"softmax(Q + gaze)",0.666666666666667,0.605
90,0.439179941498202,"Q",0.5,0.0275
90,0.439179941498202,"Q * gaze",0.5,0.734166666666667
90,0.439179941498202,"Q + gaze",0.5,0.714166666666667
90,0.439179941498202,"softmax(Q)",0.5,0.0541666666666667
90,0.439179941498202,"softmax(Q * gaze)",0.5,0.6975
90,0.439179941498202,"softmax(Q) * gaze",0.5,0.708333333333333
90,0.439179941498202,"softmax(Q) + gaze",0.5,0.68
90,0.439179941498202,"softmax(Q + gaze)",0.5,0.705
