"subject","mean_RT","model","fit"
1,1728.80483333333,"Q",1726.80837646132
1,1728.80483333333,"Q * gaze",1832.91822849756
1,1728.80483333333,"Q + gaze",1714.88841042774
1,1728.80483333333,"softmax(Q)",1737.82809610168
1,1728.80483333333,"softmax(Q * gaze)",1696.00858989648
1,1728.80483333333,"softmax(Q) * gaze",1837.30006286301
1,1728.80483333333,"softmax(Q) + gaze",1720.49328398239
1,1728.80483333333,"softmax(Q + gaze)",1711.03179265953
2,2163.73716666667,"Q",2062.12005780722
2,2163.73716666667,"Q * gaze",2182.28244950378
2,2163.73716666667,"Q + gaze",2128.83154827823
2,2163.73716666667,"softmax(Q)",2060.00677547388
2,2163.73716666667,"softmax(Q * gaze)",2075.08844837253
2,2163.73716666667,"softmax(Q) * gaze",2189.06614059711
2,2163.73716666667,"softmax(Q) + gaze",2127.34409099801
2,2163.73716666667,"softmax(Q + gaze)",2062.9117971026
3,2533.54216666667,"Q",2568.79163993614
3,2533.54216666667,"Q * gaze",2694.36469769999
3,2533.54216666667,"Q + gaze",2525.76559162712
3,2533.54216666667,"softmax(Q)",2548.16247935904
3,2533.54216666667,"softmax(Q * gaze)",2503.90970507851
3,2533.54216666667,"softmax(Q) * gaze",2643.28962035896
3,2533.54216666667,"softmax(Q) + gaze",2464.15842826833
3,2533.54216666667,"softmax(Q + gaze)",2489.75912492652
4,1457.24116666667,"Q",1452.71365591934
4,1457.24116666667,"Q * gaze",1507.53504693437
4,1457.24116666667,"Q + gaze",1464.32714777855
4,1457.24116666667,"softmax(Q)",1454.77638686377
4,1457.24116666667,"softmax(Q * gaze)",1439.17754806919
4,1457.24116666667,"softmax(Q) * gaze",1512.4094902051
4,1457.24116666667,"softmax(Q) + gaze",1472.27615282324
4,1457.24116666667,"softmax(Q + gaze)",1431.63722026041
5,2732.72683333333,"Q",2769.11196863638
5,2732.72683333333,"Q * gaze",2796.93885119771
5,2732.72683333333,"Q + gaze",2755.70800122699
5,2732.72683333333,"softmax(Q)",2753.11068777889
5,2732.72683333333,"softmax(Q * gaze)",2717.44705282954
5,2732.72683333333,"softmax(Q) * gaze",2786.55546114795
5,2732.72683333333,"softmax(Q) + gaze",2721.95696216664
5,2732.72683333333,"softmax(Q + gaze)",2739.32948041625
6,2220.27983333333,"Q",2232.59294706975
6,2220.27983333333,"Q * gaze",2251.97171137804
6,2220.27983333333,"Q + gaze",2232.88641323909
6,2220.27983333333,"softmax(Q)",2236.2526679692
6,2220.27983333333,"softmax(Q * gaze)",2243.07905162206
6,2220.27983333333,"softmax(Q) * gaze",2235.1572319513
6,2220.27983333333,"softmax(Q) + gaze",2230.38215815659
6,2220.27983333333,"softmax(Q + gaze)",2236.4305787865
7,2373.0865,"Q",2326.96781359949
7,2373.0865,"Q * gaze",2470.33521948776
7,2373.0865,"Q + gaze",2350.97703879911
7,2373.0865,"softmax(Q)",2348.38643696358
7,2373.0865,"softmax(Q * gaze)",2382.5803570827
7,2373.0865,"softmax(Q) * gaze",2426.64254018119
7,2373.0865,"softmax(Q) + gaze",2364.29642390712
7,2373.0865,"softmax(Q + gaze)",2364.14708956437
8,2575.782,"Q",2590.23510031569
8,2575.782,"Q * gaze",2587.8455476399
8,2575.782,"Q + gaze",2513.74827207593
8,2575.782,"softmax(Q)",2571.89691134659
8,2575.782,"softmax(Q * gaze)",2535.10945355124
8,2575.782,"softmax(Q) * gaze",2562.85337847516
8,2575.782,"softmax(Q) + gaze",2504.94329207389
8,2575.782,"softmax(Q + gaze)",2537.19347437156
9,1930.74416666667,"Q",1851.4687456173
9,1930.74416666667,"Q * gaze",1918.98947423388
9,1930.74416666667,"Q + gaze",1776.60873028377
9,1930.74416666667,"softmax(Q)",1762.31187459286
9,1930.74416666667,"softmax(Q * gaze)",1816.22042181471
9,1930.74416666667,"softmax(Q) * gaze",1885.06888052922
9,1930.74416666667,"softmax(Q) + gaze",1736.32936806698
9,1930.74416666667,"softmax(Q + gaze)",1768.68207603888
10,2756.26233333333,"Q",2573.07737362979
10,2756.26233333333,"Q * gaze",2621.69318964574
10,2756.26233333333,"Q + gaze",2575.80788312014
10,2756.26233333333,"softmax(Q)",2543.7746364976
10,2756.26233333333,"softmax(Q * gaze)",2520.17967818775
10,2756.26233333333,"softmax(Q) * gaze",2658.55353567912
10,2756.26233333333,"softmax(Q) + gaze",2530.23488716561
10,2756.26233333333,"softmax(Q + gaze)",2519.71119591942
11,3541.31116666667,"Q",3581.17655824282
11,3541.31116666667,"Q * gaze",3549.14821595438
11,3541.31116666667,"Q + gaze",3516.64085602883
11,3541.31116666667,"softmax(Q)",3532.53087298712
11,3541.31116666667,"softmax(Q * gaze)",3565.10971750798
11,3541.31116666667,"softmax(Q) * gaze",3609.36188503944
11,3541.31116666667,"softmax(Q) + gaze",3505.3459510483
11,3541.31116666667,"softmax(Q + gaze)",3531.06556330375
12,2384.334,"Q",2442.05877663281
12,2384.334,"Q * gaze",2497.48595561395
12,2384.334,"Q + gaze",2434.17247031755
12,2384.334,"softmax(Q)",2412.70927328859
12,2384.334,"softmax(Q * gaze)",2396.27013062773
12,2384.334,"softmax(Q) * gaze",2499.24097667647
12,2384.334,"softmax(Q) + gaze",2409.76930018538
12,2384.334,"softmax(Q + gaze)",2417.09516437987
13,1896.04083333333,"Q",1907.85658782706
13,1896.04083333333,"Q * gaze",1908.02015137468
13,1896.04083333333,"Q + gaze",1895.42452257138
13,1896.04083333333,"softmax(Q)",1891.01955018079
13,1896.04083333333,"softmax(Q * gaze)",1896.7740846156
13,1896.04083333333,"softmax(Q) * gaze",1900.57914763705
13,1896.04083333333,"softmax(Q) + gaze",1889.47746196279
13,1896.04083333333,"softmax(Q + gaze)",1902.64510504434
15,1254.96083333333,"Q",1203.39290801089
15,1254.96083333333,"Q * gaze",1549.30162825666
15,1254.96083333333,"Q + gaze",1208.16007837249
15,1254.96083333333,"softmax(Q)",1207.41864505851
15,1254.96083333333,"softmax(Q * gaze)",1200.99956034715
15,1254.96083333333,"softmax(Q) * gaze",1612.99644797536
15,1254.96083333333,"softmax(Q) + gaze",1196.92898531569
15,1254.96083333333,"softmax(Q + gaze)",1187.93434150293
16,2042.94983333333,"Q",2065.72470244003
16,2042.94983333333,"Q * gaze",2209.43906158565
16,2042.94983333333,"Q + gaze",2046.4145222137
16,2042.94983333333,"softmax(Q)",2028.68999808399
16,2042.94983333333,"softmax(Q * gaze)",2050.80308638767
16,2042.94983333333,"softmax(Q) * gaze",2224.72973414096
16,2042.94983333333,"softmax(Q) + gaze",1978.12396201581
16,2042.94983333333,"softmax(Q + gaze)",2045.70832917716
17,2525.739,"Q",2578.62901648369
17,2525.739,"Q * gaze",2654.10423691016
17,2525.739,"Q + gaze",2582.33996441379
17,2525.739,"softmax(Q)",2545.40075067293
17,2525.739,"softmax(Q * gaze)",2560.37112428566
17,2525.739,"softmax(Q) * gaze",2609.6302914917
17,2525.739,"softmax(Q) + gaze",2554.82513926856
17,2525.739,"softmax(Q + gaze)",2549.93871752366
18,2049.1,"Q",2085.23934328802
18,2049.1,"Q * gaze",2215.08279062115
18,2049.1,"Q + gaze",2091.91243293115
18,2049.1,"softmax(Q)",2041.0481619749
18,2049.1,"softmax(Q * gaze)",2040.71989052407
18,2049.1,"softmax(Q) * gaze",2220.8094757263
18,2049.1,"softmax(Q) + gaze",2047.08344779408
18,2049.1,"softmax(Q + gaze)",2051.08498232049
19,2248.41566666667,"Q",2341.5365144885
19,2248.41566666667,"Q * gaze",2439.03865922746
19,2248.41566666667,"Q + gaze",2296.37359833392
19,2248.41566666667,"softmax(Q)",2206.41054457896
19,2248.41566666667,"softmax(Q * gaze)",2199.37480163895
19,2248.41566666667,"softmax(Q) * gaze",2396.74693821191
19,2248.41566666667,"softmax(Q) + gaze",2219.87030682066
19,2248.41566666667,"softmax(Q + gaze)",2244.72021208438
20,1546.04816666667,"Q",1547.61577634111
20,1546.04816666667,"Q * gaze",1625.22851838701
20,1546.04816666667,"Q + gaze",1508.27551789607
20,1546.04816666667,"softmax(Q)",1501.84914225696
20,1546.04816666667,"softmax(Q * gaze)",1494.05259671208
20,1546.04816666667,"softmax(Q) * gaze",1644.5685229136
20,1546.04816666667,"softmax(Q) + gaze",1511.18950937453
20,1546.04816666667,"softmax(Q + gaze)",1501.41655385116
21,1946.62033333333,"Q",2073.40126836715
21,1946.62033333333,"Q * gaze",2051.4059184734
21,1946.62033333333,"Q + gaze",2000.17069227323
21,1946.62033333333,"softmax(Q)",1971.06276803425
21,1946.62033333333,"softmax(Q * gaze)",2009.91862797015
21,1946.62033333333,"softmax(Q) * gaze",2005.40551917415
21,1946.62033333333,"softmax(Q) + gaze",1966.80554115982
21,1946.62033333333,"softmax(Q + gaze)",1977.23606152627
23,2682.75016666667,"Q",2718.21209579262
23,2682.75016666667,"Q * gaze",2867.64053355153
23,2682.75016666667,"Q + gaze",2691.97035187706
23,2682.75016666667,"softmax(Q)",2577.85517773892
23,2682.75016666667,"softmax(Q * gaze)",2598.30909854083
23,2682.75016666667,"softmax(Q) * gaze",2851.73152749982
23,2682.75016666667,"softmax(Q) + gaze",2564.80322210798
23,2682.75016666667,"softmax(Q + gaze)",2566.20095637202
24,1405.05866666667,"Q",1416.01982428715
24,1405.05866666667,"Q * gaze",1467.89911063543
24,1405.05866666667,"Q + gaze",1398.31100719591
24,1405.05866666667,"softmax(Q)",1416.10550887486
24,1405.05866666667,"softmax(Q * gaze)",1388.79196851245
24,1405.05866666667,"softmax(Q) * gaze",1452.00846867987
24,1405.05866666667,"softmax(Q) + gaze",1393.32406573807
24,1405.05866666667,"softmax(Q + gaze)",1382.68947452778
25,2301.77,"Q",2313.65259000795
25,2301.77,"Q * gaze",2373.31265415192
25,2301.77,"Q + gaze",2292.70521060707
25,2301.77,"softmax(Q)",2348.52646948425
25,2301.77,"softmax(Q * gaze)",2317.78185667384
25,2301.77,"softmax(Q) * gaze",2481.44323844472
25,2301.77,"softmax(Q) + gaze",2327.97111299741
25,2301.77,"softmax(Q + gaze)",2333.57220302197
26,2267.84416666667,"Q",2296.4524985446
26,2267.84416666667,"Q * gaze",2393.6195122515
26,2267.84416666667,"Q + gaze",2254.72285145652
26,2267.84416666667,"softmax(Q)",2260.05129747213
26,2267.84416666667,"softmax(Q * gaze)",2253.95430446313
26,2267.84416666667,"softmax(Q) * gaze",2399.39149023953
26,2267.84416666667,"softmax(Q) + gaze",2221.98912920124
26,2267.84416666667,"softmax(Q + gaze)",2262.8858422255
27,1423.84566666667,"Q",1445.66334185495
27,1423.84566666667,"Q * gaze",1505.4619746197
27,1423.84566666667,"Q + gaze",1449.61195455717
27,1423.84566666667,"softmax(Q)",1417.10595151455
27,1423.84566666667,"softmax(Q * gaze)",1421.6775541759
27,1423.84566666667,"softmax(Q) * gaze",1478.47014369863
27,1423.84566666667,"softmax(Q) + gaze",1422.85986943207
27,1423.84566666667,"softmax(Q + gaze)",1424.78452041232
28,2798.83316666667,"Q",2846.64419537248
28,2798.83316666667,"Q * gaze",2879.56356405912
28,2798.83316666667,"Q + gaze",2849.68766289814
28,2798.83316666667,"softmax(Q)",2778.87209000303
28,2798.83316666667,"softmax(Q * gaze)",2778.21362177767
28,2798.83316666667,"softmax(Q) * gaze",2867.67531957795
28,2798.83316666667,"softmax(Q) + gaze",2758.11086590346
28,2798.83316666667,"softmax(Q + gaze)",2780.1194760453
29,1655.55116666667,"Q",1701.45627119824
29,1655.55116666667,"Q * gaze",1872.45187980123
29,1655.55116666667,"Q + gaze",1689.03524745445
29,1655.55116666667,"softmax(Q)",1703.16993614859
29,1655.55116666667,"softmax(Q * gaze)",1653.00851142504
29,1655.55116666667,"softmax(Q) * gaze",1891.94196553213
29,1655.55116666667,"softmax(Q) + gaze",1690.99544769413
29,1655.55116666667,"softmax(Q + gaze)",1677.78827183103
30,3177.02966666667,"Q",3235.87727440613
30,3177.02966666667,"Q * gaze",3243.59829882644
30,3177.02966666667,"Q + gaze",3190.05173756566
30,3177.02966666667,"softmax(Q)",3176.31960383939
30,3177.02966666667,"softmax(Q * gaze)",3177.92898131037
30,3177.02966666667,"softmax(Q) * gaze",3227.51870136156
30,3177.02966666667,"softmax(Q) + gaze",3178.3417305856
30,3177.02966666667,"softmax(Q + gaze)",3200.50695601353
31,2707.15916666667,"Q",2797.49068686435
31,2707.15916666667,"Q * gaze",2724.38078984209
31,2707.15916666667,"Q + gaze",2648.19075847095
31,2707.15916666667,"softmax(Q)",2635.6907888542
31,2707.15916666667,"softmax(Q * gaze)",2667.00957711771
31,2707.15916666667,"softmax(Q) * gaze",2853.03481998513
31,2707.15916666667,"softmax(Q) + gaze",2597.67791995488
31,2707.15916666667,"softmax(Q + gaze)",2682.42084255619
32,5309.42745762712,"Q",5197.90359183458
32,5309.42745762712,"Q * gaze",5255.81312589762
32,5309.42745762712,"Q + gaze",5226.2090404443
32,5309.42745762712,"softmax(Q)",5203.68276984585
32,5309.42745762712,"softmax(Q * gaze)",5204.66927140735
32,5309.42745762712,"softmax(Q) * gaze",5243.67210566848
32,5309.42745762712,"softmax(Q) + gaze",5217.555147431
32,5309.42745762712,"softmax(Q + gaze)",5237.6587171365
35,2663.5786440678,"Q",2665.31095314419
35,2663.5786440678,"Q * gaze",2740.16956976112
35,2663.5786440678,"Q + gaze",2673.23481829472
35,2663.5786440678,"softmax(Q)",2687.68557072288
35,2663.5786440678,"softmax(Q * gaze)",2689.69528539794
35,2663.5786440678,"softmax(Q) * gaze",2756.01347528667
35,2663.5786440678,"softmax(Q) + gaze",2688.7280119175
35,2663.5786440678,"softmax(Q + gaze)",2696.34723553193
36,1969.16166666667,"Q",2000.30170329242
36,1969.16166666667,"Q * gaze",2269.58866333891
36,1969.16166666667,"Q + gaze",1981.05080082644
36,1969.16166666667,"softmax(Q)",1963.34757074463
36,1969.16166666667,"softmax(Q * gaze)",1973.36169098065
36,1969.16166666667,"softmax(Q) * gaze",2294.90198631936
36,1969.16166666667,"softmax(Q) + gaze",1972.12714703706
36,1969.16166666667,"softmax(Q + gaze)",1980.08786566268
37,2286.88466666667,"Q",2427.29799251221
37,2286.88466666667,"Q * gaze",2387.57899455321
37,2286.88466666667,"Q + gaze",2315.30664463694
37,2286.88466666667,"softmax(Q)",2281.9345170801
37,2286.88466666667,"softmax(Q * gaze)",2329.73742123452
37,2286.88466666667,"softmax(Q) * gaze",2404.07714952047
37,2286.88466666667,"softmax(Q) + gaze",2280.01775435258
37,2286.88466666667,"softmax(Q + gaze)",2296.8244727369
38,2470.92566666667,"Q",2467.43269466619
38,2470.92566666667,"Q * gaze",2475.23246569166
38,2470.92566666667,"Q + gaze",2400.06478890987
38,2470.92566666667,"softmax(Q)",2396.04739577439
38,2470.92566666667,"softmax(Q * gaze)",2357.48954195205
38,2470.92566666667,"softmax(Q) * gaze",2496.1300468051
38,2470.92566666667,"softmax(Q) + gaze",2370.88148506265
38,2470.92566666667,"softmax(Q + gaze)",2327.32535363359
39,2707.4395,"Q",2774.25666185336
39,2707.4395,"Q * gaze",2885.76084199582
39,2707.4395,"Q + gaze",2747.08374815108
39,2707.4395,"softmax(Q)",2738.505094358
39,2707.4395,"softmax(Q * gaze)",2725.32183682233
39,2707.4395,"softmax(Q) * gaze",2875.52207521999
39,2707.4395,"softmax(Q) + gaze",2766.78501811586
39,2707.4395,"softmax(Q + gaze)",2719.45483896202
40,2095.57333333333,"Q",2119.71040901567
40,2095.57333333333,"Q * gaze",2132.34079764513
40,2095.57333333333,"Q + gaze",2092.99833648681
40,2095.57333333333,"softmax(Q)",2099.30393109837
40,2095.57333333333,"softmax(Q * gaze)",2091.34132703055
40,2095.57333333333,"softmax(Q) * gaze",2142.17310801587
40,2095.57333333333,"softmax(Q) + gaze",2099.79930313014
40,2095.57333333333,"softmax(Q + gaze)",2097.80224006134
41,1494.233,"Q",1497.28988587401
41,1494.233,"Q * gaze",1547.91248677138
41,1494.233,"Q + gaze",1489.4136426757
41,1494.233,"softmax(Q)",1489.14256264161
41,1494.233,"softmax(Q * gaze)",1484.40602542894
41,1494.233,"softmax(Q) * gaze",1545.67327612672
41,1494.233,"softmax(Q) + gaze",1497.09407782042
41,1494.233,"softmax(Q + gaze)",1481.97593834071
42,3644.46633333333,"Q",3664.38500425993
42,3644.46633333333,"Q * gaze",3825.87981619531
42,3644.46633333333,"Q + gaze",3678.01925063087
42,3644.46633333333,"softmax(Q)",3662.95239774633
42,3644.46633333333,"softmax(Q * gaze)",3652.39799950924
42,3644.46633333333,"softmax(Q) * gaze",3770.8510020412
42,3644.46633333333,"softmax(Q) + gaze",3602.5045464359
42,3644.46633333333,"softmax(Q + gaze)",3636.21601036121
43,2569.88383333333,"Q",2515.11454465466
43,2569.88383333333,"Q * gaze",2652.64144343144
43,2569.88383333333,"Q + gaze",2493.76163977525
43,2569.88383333333,"softmax(Q)",2473.10348894842
43,2569.88383333333,"softmax(Q * gaze)",2535.94123410455
43,2569.88383333333,"softmax(Q) * gaze",2636.5091195852
43,2569.88383333333,"softmax(Q) + gaze",2476.23826614741
43,2569.88383333333,"softmax(Q + gaze)",2489.12784310481
44,7184.84085714286,"Q",6583.75777961902
44,7184.84085714286,"Q * gaze",6323.91300355229
44,7184.84085714286,"Q + gaze",6585.85823660678
44,7184.84085714286,"softmax(Q)",6581.89511199361
44,7184.84085714286,"softmax(Q * gaze)",6565.87404052776
44,7184.84085714286,"softmax(Q) * gaze",6278.44868532999
44,7184.84085714286,"softmax(Q) + gaze",6609.27661392252
44,7184.84085714286,"softmax(Q + gaze)",6566.64013249387
45,3650.01833333333,"Q",3454.31262381872
45,3650.01833333333,"Q * gaze",3447.46088774193
45,3650.01833333333,"Q + gaze",3394.81958207501
45,3650.01833333333,"softmax(Q)",3337.59880300797
45,3650.01833333333,"softmax(Q * gaze)",3401.00166064904
45,3650.01833333333,"softmax(Q) * gaze",3454.2328415577
45,3650.01833333333,"softmax(Q) + gaze",3345.32963589831
45,3650.01833333333,"softmax(Q + gaze)",3326.4015036026
46,1188.39083333333,"Q",1198.96011653404
46,1188.39083333333,"Q * gaze",1653.42976906006
46,1188.39083333333,"Q + gaze",1200.3186378056
46,1188.39083333333,"softmax(Q)",1193.44469606497
46,1188.39083333333,"softmax(Q * gaze)",1199.72532511941
46,1188.39083333333,"softmax(Q) * gaze",1627.99417951533
46,1188.39083333333,"softmax(Q) + gaze",1205.43366153533
46,1188.39083333333,"softmax(Q + gaze)",1201.59836263772
47,1822.932,"Q",1854.76224745349
47,1822.932,"Q * gaze",1977.23430311048
47,1822.932,"Q + gaze",1840.49715618477
47,1822.932,"softmax(Q)",1792.9392578552
47,1822.932,"softmax(Q * gaze)",1806.72130747819
47,1822.932,"softmax(Q) * gaze",1995.38750691711
47,1822.932,"softmax(Q) + gaze",1792.41504174476
47,1822.932,"softmax(Q + gaze)",1780.02581795983
48,2642.35083333333,"Q",2594.45701244286
48,2642.35083333333,"Q * gaze",2612.34089060972
48,2642.35083333333,"Q + gaze",2545.86084620109
48,2642.35083333333,"softmax(Q)",2534.49847865894
48,2642.35083333333,"softmax(Q * gaze)",2563.52578663532
48,2642.35083333333,"softmax(Q) * gaze",2691.3726002824
48,2642.35083333333,"softmax(Q) + gaze",2521.08836283623
48,2642.35083333333,"softmax(Q + gaze)",2569.76476253775
49,3262.755,"Q",3111.85943657276
49,3262.755,"Q * gaze",3226.24776969396
49,3262.755,"Q + gaze",3118.50280494842
49,3262.755,"softmax(Q)",3153.9000847677
49,3262.755,"softmax(Q * gaze)",3199.0647157683
49,3262.755,"softmax(Q) * gaze",3280.37071869848
49,3262.755,"softmax(Q) + gaze",3158.37399155832
49,3262.755,"softmax(Q + gaze)",3162.3793225901
50,5457.00692307692,"Q",5051.97956181219
50,5457.00692307692,"Q * gaze",5104.44292083273
50,5457.00692307692,"Q + gaze",5086.79817377527
50,5457.00692307692,"softmax(Q)",4983.36176217951
50,5457.00692307692,"softmax(Q * gaze)",5003.5310705894
50,5457.00692307692,"softmax(Q) * gaze",5107.7316568566
50,5457.00692307692,"softmax(Q) + gaze",5034.49431881926
50,5457.00692307692,"softmax(Q + gaze)",5070.36144498721
52,2496.5655,"Q",2435.40637056323
52,2496.5655,"Q * gaze",2602.18611812247
52,2496.5655,"Q + gaze",2443.29309110556
52,2496.5655,"softmax(Q)",2401.55831669335
52,2496.5655,"softmax(Q * gaze)",2470.2884228764
52,2496.5655,"softmax(Q) * gaze",2567.14598354871
52,2496.5655,"softmax(Q) + gaze",2392.50446973273
52,2496.5655,"softmax(Q + gaze)",2384.26976881764
53,2656.08666666667,"Q",2615.52584281303
53,2656.08666666667,"Q * gaze",2637.2087690989
53,2656.08666666667,"Q + gaze",2559.45330153261
53,2656.08666666667,"softmax(Q)",2551.53432974346
53,2656.08666666667,"softmax(Q * gaze)",2571.57027918972
53,2656.08666666667,"softmax(Q) * gaze",2673.39353161132
53,2656.08666666667,"softmax(Q) + gaze",2515.38029928256
53,2656.08666666667,"softmax(Q + gaze)",2540.24959419198
54,1954.87083333333,"Q",1947.39294084902
54,1954.87083333333,"Q * gaze",1966.35866014747
54,1954.87083333333,"Q + gaze",1888.12783776626
54,1954.87083333333,"softmax(Q)",1926.34750401789
54,1954.87083333333,"softmax(Q * gaze)",1882.15941864666
54,1954.87083333333,"softmax(Q) * gaze",1994.86502914196
54,1954.87083333333,"softmax(Q) + gaze",1859.29806576047
54,1954.87083333333,"softmax(Q + gaze)",1890.19599372411
56,2342.51983333333,"Q",2384.28756738663
56,2342.51983333333,"Q * gaze",2487.11786465416
56,2342.51983333333,"Q + gaze",2364.34910044248
56,2342.51983333333,"softmax(Q)",2340.9792747128
56,2342.51983333333,"softmax(Q * gaze)",2331.31407698217
56,2342.51983333333,"softmax(Q) * gaze",2457.22961384395
56,2342.51983333333,"softmax(Q) + gaze",2318.33878132579
56,2342.51983333333,"softmax(Q + gaze)",2329.85309846075
57,2409.656,"Q",2401.36657604338
57,2409.656,"Q * gaze",2492.05591657563
57,2409.656,"Q + gaze",2384.34640378095
57,2409.656,"softmax(Q)",2421.81553964101
57,2409.656,"softmax(Q * gaze)",2409.85941488303
57,2409.656,"softmax(Q) * gaze",2472.57237696556
57,2409.656,"softmax(Q) + gaze",2397.19266957312
57,2409.656,"softmax(Q + gaze)",2400.41333647895
58,2591.52,"Q",2636.0043046526
58,2591.52,"Q * gaze",2756.03879149748
58,2591.52,"Q + gaze",2693.83816633247
58,2591.52,"softmax(Q)",2589.61898799913
58,2591.52,"softmax(Q * gaze)",2591.49306248112
58,2591.52,"softmax(Q) * gaze",2766.22572800196
58,2591.52,"softmax(Q) + gaze",2636.53479265158
58,2591.52,"softmax(Q + gaze)",2590.45442376452
59,1385.95016666667,"Q",1438.69812292901
59,1385.95016666667,"Q * gaze",1438.49102881639
59,1385.95016666667,"Q + gaze",1416.00425725645
59,1385.95016666667,"softmax(Q)",1399.72637724117
59,1385.95016666667,"softmax(Q * gaze)",1402.52177956721
59,1385.95016666667,"softmax(Q) * gaze",1446.80894533914
59,1385.95016666667,"softmax(Q) + gaze",1394.00611105385
59,1385.95016666667,"softmax(Q + gaze)",1401.53947293501
60,2700.34366666667,"Q",2695.94207888144
60,2700.34366666667,"Q * gaze",2746.03060238785
60,2700.34366666667,"Q + gaze",2619.17292522714
60,2700.34366666667,"softmax(Q)",2613.95454102913
60,2700.34366666667,"softmax(Q * gaze)",2656.58010149045
60,2700.34366666667,"softmax(Q) * gaze",2732.75162638199
60,2700.34366666667,"softmax(Q) + gaze",2591.76408439334
60,2700.34366666667,"softmax(Q + gaze)",2641.50029946385
61,2522.2595,"Q",2456.81866396583
61,2522.2595,"Q * gaze",2499.05274605925
61,2522.2595,"Q + gaze",2424.2360604506
61,2522.2595,"softmax(Q)",2442.98327186525
61,2522.2595,"softmax(Q * gaze)",2392.06570672076
61,2522.2595,"softmax(Q) * gaze",2456.04488386261
61,2522.2595,"softmax(Q) + gaze",2350.34747440989
61,2522.2595,"softmax(Q + gaze)",2374.41896047326
62,999.292833333333,"Q",982.450635310213
62,999.292833333333,"Q * gaze",1220.9643558601
62,999.292833333333,"Q + gaze",1025.13849210831
62,999.292833333333,"softmax(Q)",992.309158953947
62,999.292833333333,"softmax(Q * gaze)",1005.7827168362
62,999.292833333333,"softmax(Q) * gaze",1187.88744635643
62,999.292833333333,"softmax(Q) + gaze",1021.43140728663
62,999.292833333333,"softmax(Q + gaze)",988.094807381423
63,4214.51433333333,"Q",4087.78728285828
63,4214.51433333333,"Q * gaze",4146.66981781628
63,4214.51433333333,"Q + gaze",4089.30843469497
63,4214.51433333333,"softmax(Q)",4077.90671503798
63,4214.51433333333,"softmax(Q * gaze)",4026.45246278309
63,4214.51433333333,"softmax(Q) * gaze",4198.13539949684
63,4214.51433333333,"softmax(Q) + gaze",4084.4029590388
63,4214.51433333333,"softmax(Q + gaze)",4041.51657632031
64,3410.63610169492,"Q",3182.50924811128
64,3410.63610169492,"Q * gaze",3184.60890091873
64,3410.63610169492,"Q + gaze",3146.07011134169
64,3410.63610169492,"softmax(Q)",3159.06526125043
64,3410.63610169492,"softmax(Q * gaze)",3217.7069086307
64,3410.63610169492,"softmax(Q) * gaze",3216.28499889426
64,3410.63610169492,"softmax(Q) + gaze",3192.71097019725
64,3410.63610169492,"softmax(Q + gaze)",3158.5919741783
65,1997.22033333333,"Q",2039.10510170179
65,1997.22033333333,"Q * gaze",2428.07093369203
65,1997.22033333333,"Q + gaze",2059.8321038331
65,1997.22033333333,"softmax(Q)",1953.50588805071
65,1997.22033333333,"softmax(Q * gaze)",2007.33324792322
65,1997.22033333333,"softmax(Q) * gaze",2410.35992012752
65,1997.22033333333,"softmax(Q) + gaze",1956.14486222405
65,1997.22033333333,"softmax(Q + gaze)",1958.95624251206
66,1012.00666666667,"Q",1008.1260409332
66,1012.00666666667,"Q * gaze",1180.68663285085
66,1012.00666666667,"Q + gaze",1034.35897565097
66,1012.00666666667,"softmax(Q)",1014.01925628822
66,1012.00666666667,"softmax(Q * gaze)",997.976819988798
66,1012.00666666667,"softmax(Q) * gaze",1167.51662579222
66,1012.00666666667,"softmax(Q) + gaze",1037.29628837803
66,1012.00666666667,"softmax(Q + gaze)",999.58556971068
67,1574.5345,"Q",1623.43295203694
67,1574.5345,"Q * gaze",1590.77894736386
67,1574.5345,"Q + gaze",1616.60962334963
67,1574.5345,"softmax(Q)",1613.62620508437
67,1574.5345,"softmax(Q * gaze)",1579.38778603985
67,1574.5345,"softmax(Q) * gaze",1627.65507930258
67,1574.5345,"softmax(Q) + gaze",1616.58878562045
67,1574.5345,"softmax(Q + gaze)",1570.6978164561
68,2692.021,"Q",2690.08117260112
68,2692.021,"Q * gaze",2741.78974359701
68,2692.021,"Q + gaze",2674.95968857588
68,2692.021,"softmax(Q)",2679.89055091236
68,2692.021,"softmax(Q * gaze)",2707.49397613821
68,2692.021,"softmax(Q) * gaze",2714.7554828665
68,2692.021,"softmax(Q) + gaze",2630.5658970338
68,2692.021,"softmax(Q + gaze)",2676.85711027277
69,2477.92416666667,"Q",2452.3258890221
69,2477.92416666667,"Q * gaze",2586.78335119644
69,2477.92416666667,"Q + gaze",2384.6063419538
69,2477.92416666667,"softmax(Q)",2461.53940843502
69,2477.92416666667,"softmax(Q * gaze)",2460.62221447575
69,2477.92416666667,"softmax(Q) * gaze",2649.13398365258
69,2477.92416666667,"softmax(Q) + gaze",2421.10740098127
69,2477.92416666667,"softmax(Q + gaze)",2411.71827836503
70,2405.10766666667,"Q",2434.82886346901
70,2405.10766666667,"Q * gaze",2556.17226354646
70,2405.10766666667,"Q + gaze",2391.24222178917
70,2405.10766666667,"softmax(Q)",2445.12134251391
70,2405.10766666667,"softmax(Q * gaze)",2429.44238900124
70,2405.10766666667,"softmax(Q) * gaze",2583.77157023344
70,2405.10766666667,"softmax(Q) + gaze",2399.66137273923
70,2405.10766666667,"softmax(Q + gaze)",2425.59594204132
71,3764.69116666667,"Q",3761.95057699531
71,3764.69116666667,"Q * gaze",3712.83722751623
71,3764.69116666667,"Q + gaze",3690.76074360566
71,3764.69116666667,"softmax(Q)",3606.19896346742
71,3764.69116666667,"softmax(Q * gaze)",3595.21514921345
71,3764.69116666667,"softmax(Q) * gaze",3681.38692104203
71,3764.69116666667,"softmax(Q) + gaze",3599.51588141831
71,3764.69116666667,"softmax(Q + gaze)",3576.31087294408
72,2503.21166666667,"Q",2374.9617849784
72,2503.21166666667,"Q * gaze",2457.91416433628
72,2503.21166666667,"Q + gaze",2389.75156006414
72,2503.21166666667,"softmax(Q)",2401.41312422614
72,2503.21166666667,"softmax(Q * gaze)",2354.45620717393
72,2503.21166666667,"softmax(Q) * gaze",2467.60324221989
72,2503.21166666667,"softmax(Q) + gaze",2377.39712989115
72,2503.21166666667,"softmax(Q + gaze)",2365.17506226895
73,2083.63383333333,"Q",2033.20678677263
73,2083.63383333333,"Q * gaze",2112.14934230082
73,2083.63383333333,"Q + gaze",1997.24525764203
73,2083.63383333333,"softmax(Q)",1998.46086775593
73,2083.63383333333,"softmax(Q * gaze)",1985.19037622469
73,2083.63383333333,"softmax(Q) * gaze",2058.72595936132
73,2083.63383333333,"softmax(Q) + gaze",1969.04822774855
73,2083.63383333333,"softmax(Q + gaze)",1992.83067874665
74,2264.11533333333,"Q",2203.44417176386
74,2264.11533333333,"Q * gaze",2311.95806873936
74,2264.11533333333,"Q + gaze",2170.61370111904
74,2264.11533333333,"softmax(Q)",2171.866467615
74,2264.11533333333,"softmax(Q * gaze)",2141.99020072564
74,2264.11533333333,"softmax(Q) * gaze",2361.01543568548
74,2264.11533333333,"softmax(Q) + gaze",2117.5825316479
74,2264.11533333333,"softmax(Q + gaze)",2158.7914308484
75,1917.61483333333,"Q",1923.42484616162
75,1917.61483333333,"Q * gaze",2334.73918109344
75,1917.61483333333,"Q + gaze",1931.48792163062
75,1917.61483333333,"softmax(Q)",1919.00096035665
75,1917.61483333333,"softmax(Q * gaze)",1932.19851988072
75,1917.61483333333,"softmax(Q) * gaze",2357.32843507466
75,1917.61483333333,"softmax(Q) + gaze",1943.88721874622
75,1917.61483333333,"softmax(Q + gaze)",1924.33867916198
76,1675.15416666667,"Q",1737.10495617419
76,1675.15416666667,"Q * gaze",1778.52527402977
76,1675.15416666667,"Q + gaze",1689.12352925753
76,1675.15416666667,"softmax(Q)",1736.04795048626
76,1675.15416666667,"softmax(Q * gaze)",1702.29379789599
76,1675.15416666667,"softmax(Q) * gaze",1744.90980448011
76,1675.15416666667,"softmax(Q) + gaze",1663.06247442749
76,1675.15416666667,"softmax(Q + gaze)",1717.75645317707
77,2684.07483333333,"Q",2707.64066094062
77,2684.07483333333,"Q * gaze",2746.80943398848
77,2684.07483333333,"Q + gaze",2665.99823708236
77,2684.07483333333,"softmax(Q)",2668.50998877
77,2684.07483333333,"softmax(Q * gaze)",2684.055655516
77,2684.07483333333,"softmax(Q) * gaze",2681.38943508871
77,2684.07483333333,"softmax(Q) + gaze",2654.7336160111
77,2684.07483333333,"softmax(Q + gaze)",2664.069796959
78,4433.35733333333,"Q",4189.24761208122
78,4433.35733333333,"Q * gaze",4243.62909859437
78,4433.35733333333,"Q + gaze",4223.69985332938
78,4433.35733333333,"softmax(Q)",4199.39331275797
78,4433.35733333333,"softmax(Q * gaze)",4183.59049870467
78,4433.35733333333,"softmax(Q) * gaze",4206.61725619282
78,4433.35733333333,"softmax(Q) + gaze",4152.6733162806
78,4433.35733333333,"softmax(Q + gaze)",4174.70378118912
79,2324.94216666667,"Q",2401.02973325406
79,2324.94216666667,"Q * gaze",2440.6610663242
79,2324.94216666667,"Q + gaze",2383.94529565092
79,2324.94216666667,"softmax(Q)",2360.57019095249
79,2324.94216666667,"softmax(Q * gaze)",2340.59449552813
79,2324.94216666667,"softmax(Q) * gaze",2426.05619076947
79,2324.94216666667,"softmax(Q) + gaze",2353.27993272271
79,2324.94216666667,"softmax(Q + gaze)",2348.98995209868
80,3397.03779661017,"Q",3445.07280271458
80,3397.03779661017,"Q * gaze",3398.26357425401
80,3397.03779661017,"Q + gaze",3345.89218120751
80,3397.03779661017,"softmax(Q)",3342.35554597263
80,3397.03779661017,"softmax(Q * gaze)",3397.95357266924
80,3397.03779661017,"softmax(Q) * gaze",3430.18585495914
80,3397.03779661017,"softmax(Q) + gaze",3352.12364501896
80,3397.03779661017,"softmax(Q + gaze)",3411.5086085177
81,2775.97633333333,"Q",2695.22851996737
81,2775.97633333333,"Q * gaze",2752.71350525287
81,2775.97633333333,"Q + gaze",2588.01292487076
81,2775.97633333333,"softmax(Q)",2604.20795231263
81,2775.97633333333,"softmax(Q * gaze)",2598.39362608402
81,2775.97633333333,"softmax(Q) * gaze",2733.41319793669
81,2775.97633333333,"softmax(Q) + gaze",2553.79940934772
81,2775.97633333333,"softmax(Q + gaze)",2576.64575324107
82,1776.65733333333,"Q",1818.62460823562
82,1776.65733333333,"Q * gaze",1821.80083552989
82,1776.65733333333,"Q + gaze",1785.7964704548
82,1776.65733333333,"softmax(Q)",1802.75102512393
82,1776.65733333333,"softmax(Q * gaze)",1797.21434206047
82,1776.65733333333,"softmax(Q) * gaze",1807.43361934952
82,1776.65733333333,"softmax(Q) + gaze",1775.22715332609
82,1776.65733333333,"softmax(Q + gaze)",1785.12197763842
83,2193.0765,"Q",2309.61137821862
83,2193.0765,"Q * gaze",2296.33591032126
83,2193.0765,"Q + gaze",2268.48818654325
83,2193.0765,"softmax(Q)",2163.91503799263
83,2193.0765,"softmax(Q * gaze)",2196.14903091086
83,2193.0765,"softmax(Q) * gaze",2261.36176524064
83,2193.0765,"softmax(Q) + gaze",2203.59138749457
83,2193.0765,"softmax(Q + gaze)",2156.00801061916
84,2177.31566666667,"Q",2158.02048549669
84,2177.31566666667,"Q * gaze",2236.44062686978
84,2177.31566666667,"Q + gaze",2143.89831097309
84,2177.31566666667,"softmax(Q)",2148.23458416415
84,2177.31566666667,"softmax(Q * gaze)",2149.36805889652
84,2177.31566666667,"softmax(Q) * gaze",2204.08781629698
84,2177.31566666667,"softmax(Q) + gaze",2113.61297958058
84,2177.31566666667,"softmax(Q + gaze)",2127.6737526182
85,880.139333333333,"Q",877.426043326783
85,880.139333333333,"Q * gaze",1135.70459554661
85,880.139333333333,"Q + gaze",893.234409924287
85,880.139333333333,"softmax(Q)",875.594770125645
85,880.139333333333,"softmax(Q * gaze)",873.247471324316
85,880.139333333333,"softmax(Q) * gaze",1151.2520074749
85,880.139333333333,"softmax(Q) + gaze",887.270825819413
85,880.139333333333,"softmax(Q + gaze)",870.088020046856
86,1742.696,"Q",1772.12751898994
86,1742.696,"Q * gaze",2066.13503213183
86,1742.696,"Q + gaze",1754.65010805172
86,1742.696,"softmax(Q)",1741.55939912815
86,1742.696,"softmax(Q * gaze)",1724.65579578353
86,1742.696,"softmax(Q) * gaze",2078.47806710498
86,1742.696,"softmax(Q) + gaze",1746.44187703591
86,1742.696,"softmax(Q + gaze)",1739.04102804704
88,3087.20633333333,"Q",3089.95832766335
88,3087.20633333333,"Q * gaze",3209.88749131098
88,3087.20633333333,"Q + gaze",3093.51821817312
88,3087.20633333333,"softmax(Q)",3081.82479121304
88,3087.20633333333,"softmax(Q * gaze)",3079.21747267802
88,3087.20633333333,"softmax(Q) * gaze",3197.56806841117
88,3087.20633333333,"softmax(Q) + gaze",3092.7882901435
88,3087.20633333333,"softmax(Q + gaze)",3094.74260105584
89,4093.68464285714,"Q",3916.12828332692
89,4093.68464285714,"Q * gaze",3976.97039896292
89,4093.68464285714,"Q + gaze",3926.30203754537
89,4093.68464285714,"softmax(Q)",3874.50114715491
89,4093.68464285714,"softmax(Q * gaze)",3851.56757096239
89,4093.68464285714,"softmax(Q) * gaze",3979.10961900783
89,4093.68464285714,"softmax(Q) + gaze",3904.24367029259
89,4093.68464285714,"softmax(Q + gaze)",3892.916311424
90,2876.45233333333,"Q",2785.79296289846
90,2876.45233333333,"Q * gaze",2694.34864216171
90,2876.45233333333,"Q + gaze",2676.40195457135
90,2876.45233333333,"softmax(Q)",2782.37921601002
90,2876.45233333333,"softmax(Q * gaze)",2701.3936473205
90,2876.45233333333,"softmax(Q) * gaze",2696.10684766409
90,2876.45233333333,"softmax(Q) + gaze",2660.59956324028
90,2876.45233333333,"softmax(Q + gaze)",2675.22632008701
