"trial_number","mean_RT","sd_RT","n","se","upper","lower","model","fit"
1,2550.82385542169,1701.87798036559,83,186.805377107577,2737.62923252926,2364.01847831411,"Q",2516.38691707368
1,2550.82385542169,1701.87798036559,83,186.805377107577,2737.62923252926,2364.01847831411,"Q * gaze",2675.14340761547
1,2550.82385542169,1701.87798036559,83,186.805377107577,2737.62923252926,2364.01847831411,"Q + gaze",2562.23783907465
1,2550.82385542169,1701.87798036559,83,186.805377107577,2737.62923252926,2364.01847831411,"softmax(Q)",2666.11864447234
1,2550.82385542169,1701.87798036559,83,186.805377107577,2737.62923252926,2364.01847831411,"softmax(Q * gaze)",2554.36566189432
1,2550.82385542169,1701.87798036559,83,186.805377107577,2737.62923252926,2364.01847831411,"softmax(Q) * gaze",2828.06108787028
1,2550.82385542169,1701.87798036559,83,186.805377107577,2737.62923252926,2364.01847831411,"softmax(Q) + gaze",2626.26615099468
2,2681.68426829268,1394.54332297597,82,154.001547333724,2835.68581562641,2527.68272095896,"Q",2560.99336636912
2,2681.68426829268,1394.54332297597,82,154.001547333724,2835.68581562641,2527.68272095896,"Q * gaze",2671.19580001931
2,2681.68426829268,1394.54332297597,82,154.001547333724,2835.68581562641,2527.68272095896,"Q + gaze",2498.70888021406
2,2681.68426829268,1394.54332297597,82,154.001547333724,2835.68581562641,2527.68272095896,"softmax(Q)",2653.52131526691
2,2681.68426829268,1394.54332297597,82,154.001547333724,2835.68581562641,2527.68272095896,"softmax(Q * gaze)",2607.01458915098
2,2681.68426829268,1394.54332297597,82,154.001547333724,2835.68581562641,2527.68272095896,"softmax(Q) * gaze",2798.28717140304
2,2681.68426829268,1394.54332297597,82,154.001547333724,2835.68581562641,2527.68272095896,"softmax(Q) + gaze",2631.79200510887
3,2650.16913580247,1490.36722441333,81,165.596358268148,2815.76549407062,2484.57277753432,"Q",2533.92979428908
3,2650.16913580247,1490.36722441333,81,165.596358268148,2815.76549407062,2484.57277753432,"Q * gaze",2713.44897375022
3,2650.16913580247,1490.36722441333,81,165.596358268148,2815.76549407062,2484.57277753432,"Q + gaze",2526.08074720241
3,2650.16913580247,1490.36722441333,81,165.596358268148,2815.76549407062,2484.57277753432,"softmax(Q)",2646.76303531472
3,2650.16913580247,1490.36722441333,81,165.596358268148,2815.76549407062,2484.57277753432,"softmax(Q * gaze)",2569.54650165585
3,2650.16913580247,1490.36722441333,81,165.596358268148,2815.76549407062,2484.57277753432,"softmax(Q) * gaze",2853.2476720216
3,2650.16913580247,1490.36722441333,81,165.596358268148,2815.76549407062,2484.57277753432,"softmax(Q) + gaze",2642.73409585708
4,2940.81024096386,1751.05556178996,83,192.203317940706,3133.01355890456,2748.60692302315,"Q",2514.5277867441
4,2940.81024096386,1751.05556178996,83,192.203317940706,3133.01355890456,2748.60692302315,"Q * gaze",2648.41006701802
4,2940.81024096386,1751.05556178996,83,192.203317940706,3133.01355890456,2748.60692302315,"Q + gaze",2497.61259634207
4,2940.81024096386,1751.05556178996,83,192.203317940706,3133.01355890456,2748.60692302315,"softmax(Q)",2663.13210515577
4,2940.81024096386,1751.05556178996,83,192.203317940706,3133.01355890456,2748.60692302315,"softmax(Q * gaze)",2604.88072938727
4,2940.81024096386,1751.05556178996,83,192.203317940706,3133.01355890456,2748.60692302315,"softmax(Q) * gaze",2777.53392378503
4,2940.81024096386,1751.05556178996,83,192.203317940706,3133.01355890456,2748.60692302315,"softmax(Q) + gaze",2583.70568808213
5,2888.03036144578,1741.3309403347,83,191.13590206299,3079.16626350877,2696.89445938279,"Q",2523.80233797869
5,2888.03036144578,1741.3309403347,83,191.13590206299,3079.16626350877,2696.89445938279,"Q * gaze",2668.10430185817
5,2888.03036144578,1741.3309403347,83,191.13590206299,3079.16626350877,2696.89445938279,"Q + gaze",2507.80099573564
5,2888.03036144578,1741.3309403347,83,191.13590206299,3079.16626350877,2696.89445938279,"softmax(Q)",2629.11460840221
5,2888.03036144578,1741.3309403347,83,191.13590206299,3079.16626350877,2696.89445938279,"softmax(Q * gaze)",2567.60091563096
5,2888.03036144578,1741.3309403347,83,191.13590206299,3079.16626350877,2696.89445938279,"softmax(Q) * gaze",2801.17724862712
5,2888.03036144578,1741.3309403347,83,191.13590206299,3079.16626350877,2696.89445938279,"softmax(Q) + gaze",2605.9497472451
6,2725.73641975309,1490.73174102713,81,165.636860114125,2891.37327986721,2560.09955963896,"Q",2562.72784971565
6,2725.73641975309,1490.73174102713,81,165.636860114125,2891.37327986721,2560.09955963896,"Q * gaze",2626.19287167668
6,2725.73641975309,1490.73174102713,81,165.636860114125,2891.37327986721,2560.09955963896,"Q + gaze",2506.6924207411
6,2725.73641975309,1490.73174102713,81,165.636860114125,2891.37327986721,2560.09955963896,"softmax(Q)",2639.39705334555
6,2725.73641975309,1490.73174102713,81,165.636860114125,2891.37327986721,2560.09955963896,"softmax(Q * gaze)",2563.91696689729
6,2725.73641975309,1490.73174102713,81,165.636860114125,2891.37327986721,2560.09955963896,"softmax(Q) * gaze",2763.24042560753
6,2725.73641975309,1490.73174102713,81,165.636860114125,2891.37327986721,2560.09955963896,"softmax(Q) + gaze",2583.58270872883
7,2637.84768292683,1439.00443887672,82,158.911456213635,2796.75913914046,2478.93622671319,"Q",2518.60834813513
7,2637.84768292683,1439.00443887672,82,158.911456213635,2796.75913914046,2478.93622671319,"Q * gaze",2664.09153958635
7,2637.84768292683,1439.00443887672,82,158.911456213635,2796.75913914046,2478.93622671319,"Q + gaze",2514.35139743446
7,2637.84768292683,1439.00443887672,82,158.911456213635,2796.75913914046,2478.93622671319,"softmax(Q)",2629.28214891032
7,2637.84768292683,1439.00443887672,82,158.911456213635,2796.75913914046,2478.93622671319,"softmax(Q * gaze)",2560.14995053474
7,2637.84768292683,1439.00443887672,82,158.911456213635,2796.75913914046,2478.93622671319,"softmax(Q) * gaze",2774.06139169172
7,2637.84768292683,1439.00443887672,82,158.911456213635,2796.75913914046,2478.93622671319,"softmax(Q) + gaze",2577.52240494995
8,2777.66804878049,1699.689472781,82,187.699302332558,2965.36735111305,2589.96874644793,"Q",2485.45799684562
8,2777.66804878049,1699.689472781,82,187.699302332558,2965.36735111305,2589.96874644793,"Q * gaze",2688.48302577967
8,2777.66804878049,1699.689472781,82,187.699302332558,2965.36735111305,2589.96874644793,"Q + gaze",2518.97598102844
8,2777.66804878049,1699.689472781,82,187.699302332558,2965.36735111305,2589.96874644793,"softmax(Q)",2631.37101621783
8,2777.66804878049,1699.689472781,82,187.699302332558,2965.36735111305,2589.96874644793,"softmax(Q * gaze)",2578.95662650004
8,2777.66804878049,1699.689472781,82,187.699302332558,2965.36735111305,2589.96874644793,"softmax(Q) * gaze",2823.57045191941
8,2777.66804878049,1699.689472781,82,187.699302332558,2965.36735111305,2589.96874644793,"softmax(Q) + gaze",2621.99023862802
9,2584.298625,1441.16549530144,80,161.127200716059,2745.42582571606,2423.17142428394,"Q",2490.40267730501
9,2584.298625,1441.16549530144,80,161.127200716059,2745.42582571606,2423.17142428394,"Q * gaze",2633.6549653128
9,2584.298625,1441.16549530144,80,161.127200716059,2745.42582571606,2423.17142428394,"Q + gaze",2478.00791429031
9,2584.298625,1441.16549530144,80,161.127200716059,2745.42582571606,2423.17142428394,"softmax(Q)",2595.62790707733
9,2584.298625,1441.16549530144,80,161.127200716059,2745.42582571606,2423.17142428394,"softmax(Q * gaze)",2547.74768399057
9,2584.298625,1441.16549530144,80,161.127200716059,2745.42582571606,2423.17142428394,"softmax(Q) * gaze",2716.73856513667
9,2584.298625,1441.16549530144,80,161.127200716059,2745.42582571606,2423.17142428394,"softmax(Q) + gaze",2535.21976423646
10,2948.31134146341,1831.06861965853,82,202.207702016654,3150.51904348007,2746.10363944676,"Q",2464.00462223821
10,2948.31134146341,1831.06861965853,82,202.207702016654,3150.51904348007,2746.10363944676,"Q * gaze",2593.38819612259
10,2948.31134146341,1831.06861965853,82,202.207702016654,3150.51904348007,2746.10363944676,"Q + gaze",2472.99726440306
10,2948.31134146341,1831.06861965853,82,202.207702016654,3150.51904348007,2746.10363944676,"softmax(Q)",2576.15495941171
10,2948.31134146341,1831.06861965853,82,202.207702016654,3150.51904348007,2746.10363944676,"softmax(Q * gaze)",2585.66813544546
10,2948.31134146341,1831.06861965853,82,202.207702016654,3150.51904348007,2746.10363944676,"softmax(Q) * gaze",2714.17068589533
10,2948.31134146341,1831.06861965853,82,202.207702016654,3150.51904348007,2746.10363944676,"softmax(Q) + gaze",2541.29805148487
11,2632.94682926829,1468.69444739355,82,162.190169163323,2795.13699843162,2470.75666010497,"Q",2528.75042473617
11,2632.94682926829,1468.69444739355,82,162.190169163323,2795.13699843162,2470.75666010497,"Q * gaze",2606.54864974433
11,2632.94682926829,1468.69444739355,82,162.190169163323,2795.13699843162,2470.75666010497,"Q + gaze",2510.93392062075
11,2632.94682926829,1468.69444739355,82,162.190169163323,2795.13699843162,2470.75666010497,"softmax(Q)",2591.93001570536
11,2632.94682926829,1468.69444739355,82,162.190169163323,2795.13699843162,2470.75666010497,"softmax(Q * gaze)",2558.50462137935
11,2632.94682926829,1468.69444739355,82,162.190169163323,2795.13699843162,2470.75666010497,"softmax(Q) * gaze",2667.38596928456
11,2632.94682926829,1468.69444739355,82,162.190169163323,2795.13699843162,2470.75666010497,"softmax(Q) + gaze",2548.34888205889
12,2810.3143373494,1502.60179281349,83,164.931973847355,2975.24631119675,2645.38236350204,"Q",2506.47235301165
12,2810.3143373494,1502.60179281349,83,164.931973847355,2975.24631119675,2645.38236350204,"Q * gaze",2663.87723764051
12,2810.3143373494,1502.60179281349,83,164.931973847355,2975.24631119675,2645.38236350204,"Q + gaze",2515.33021649263
12,2810.3143373494,1502.60179281349,83,164.931973847355,2975.24631119675,2645.38236350204,"softmax(Q)",2597.08205618199
12,2810.3143373494,1502.60179281349,83,164.931973847355,2975.24631119675,2645.38236350204,"softmax(Q * gaze)",2614.35558541944
12,2810.3143373494,1502.60179281349,83,164.931973847355,2975.24631119675,2645.38236350204,"softmax(Q) * gaze",2698.50009138755
12,2810.3143373494,1502.60179281349,83,164.931973847355,2975.24631119675,2645.38236350204,"softmax(Q) + gaze",2564.22889746067
13,2599.58209876543,1593.58214848789,81,177.064683165321,2776.64678193075,2422.51741560011,"Q",2488.42176716485
13,2599.58209876543,1593.58214848789,81,177.064683165321,2776.64678193075,2422.51741560011,"Q * gaze",2570.30038699215
13,2599.58209876543,1593.58214848789,81,177.064683165321,2776.64678193075,2422.51741560011,"Q + gaze",2470.04736931035
13,2599.58209876543,1593.58214848789,81,177.064683165321,2776.64678193075,2422.51741560011,"softmax(Q)",2559.45134820725
13,2599.58209876543,1593.58214848789,81,177.064683165321,2776.64678193075,2422.51741560011,"softmax(Q * gaze)",2568.86897895135
13,2599.58209876543,1593.58214848789,81,177.064683165321,2776.64678193075,2422.51741560011,"softmax(Q) * gaze",2681.82021487647
13,2599.58209876543,1593.58214848789,81,177.064683165321,2776.64678193075,2422.51741560011,"softmax(Q) + gaze",2527.44716375639
14,2557.08987804878,1413.4768863989,82,156.092409636553,2713.18228768533,2400.99746841223,"Q",2513.93790081458
14,2557.08987804878,1413.4768863989,82,156.092409636553,2713.18228768533,2400.99746841223,"Q * gaze",2643.97644988944
14,2557.08987804878,1413.4768863989,82,156.092409636553,2713.18228768533,2400.99746841223,"Q + gaze",2495.59820129524
14,2557.08987804878,1413.4768863989,82,156.092409636553,2713.18228768533,2400.99746841223,"softmax(Q)",2552.57247966327
14,2557.08987804878,1413.4768863989,82,156.092409636553,2713.18228768533,2400.99746841223,"softmax(Q * gaze)",2589.74333974086
14,2557.08987804878,1413.4768863989,82,156.092409636553,2713.18228768533,2400.99746841223,"softmax(Q) * gaze",2704.01476888446
14,2557.08987804878,1413.4768863989,82,156.092409636553,2713.18228768533,2400.99746841223,"softmax(Q) + gaze",2521.03783692881
15,2723.03975609756,1618.3915390242,82,178.721447441062,2901.76120353862,2544.3183086565,"Q",2501.69464518778
15,2723.03975609756,1618.3915390242,82,178.721447441062,2901.76120353862,2544.3183086565,"Q * gaze",2675.7072238675
15,2723.03975609756,1618.3915390242,82,178.721447441062,2901.76120353862,2544.3183086565,"Q + gaze",2524.97838399426
15,2723.03975609756,1618.3915390242,82,178.721447441062,2901.76120353862,2544.3183086565,"softmax(Q)",2533.28776695968
15,2723.03975609756,1618.3915390242,82,178.721447441062,2901.76120353862,2544.3183086565,"softmax(Q * gaze)",2580.83604013258
15,2723.03975609756,1618.3915390242,82,178.721447441062,2901.76120353862,2544.3183086565,"softmax(Q) * gaze",2764.01820005983
15,2723.03975609756,1618.3915390242,82,178.721447441062,2901.76120353862,2544.3183086565,"softmax(Q) + gaze",2549.41726752312
16,2524.46654320988,1330.59643867155,81,147.844048741283,2672.31059195116,2376.62249446859,"Q",2477.47339666461
16,2524.46654320988,1330.59643867155,81,147.844048741283,2672.31059195116,2376.62249446859,"Q * gaze",2557.65243712654
16,2524.46654320988,1330.59643867155,81,147.844048741283,2672.31059195116,2376.62249446859,"Q + gaze",2459.81592134876
16,2524.46654320988,1330.59643867155,81,147.844048741283,2672.31059195116,2376.62249446859,"softmax(Q)",2504.71888250281
16,2524.46654320988,1330.59643867155,81,147.844048741283,2672.31059195116,2376.62249446859,"softmax(Q * gaze)",2550.13403240314
16,2524.46654320988,1330.59643867155,81,147.844048741283,2672.31059195116,2376.62249446859,"softmax(Q) * gaze",2561.12088659322
16,2524.46654320988,1330.59643867155,81,147.844048741283,2672.31059195116,2376.62249446859,"softmax(Q) + gaze",2448.22459648515
17,2655.24975903614,1464.78399629015,83,160.78093139753,2816.03069043367,2494.46882763861,"Q",2507.31324658686
17,2655.24975903614,1464.78399629015,83,160.78093139753,2816.03069043367,2494.46882763861,"Q * gaze",2611.53366734139
17,2655.24975903614,1464.78399629015,83,160.78093139753,2816.03069043367,2494.46882763861,"Q + gaze",2492.336680347
17,2655.24975903614,1464.78399629015,83,160.78093139753,2816.03069043367,2494.46882763861,"softmax(Q)",2519.08027851331
17,2655.24975903614,1464.78399629015,83,160.78093139753,2816.03069043367,2494.46882763861,"softmax(Q * gaze)",2626.09995717237
17,2655.24975903614,1464.78399629015,83,160.78093139753,2816.03069043367,2494.46882763861,"softmax(Q) * gaze",2657.94159025447
17,2655.24975903614,1464.78399629015,83,160.78093139753,2816.03069043367,2494.46882763861,"softmax(Q) + gaze",2492.00574275054
18,2480.05135802469,1337.04011138106,81,148.560012375674,2628.61137040037,2331.49134564902,"Q",2466.80176192392
18,2480.05135802469,1337.04011138106,81,148.560012375674,2628.61137040037,2331.49134564902,"Q * gaze",2526.6724501988
18,2480.05135802469,1337.04011138106,81,148.560012375674,2628.61137040037,2331.49134564902,"Q + gaze",2424.98434229007
18,2480.05135802469,1337.04011138106,81,148.560012375674,2628.61137040037,2331.49134564902,"softmax(Q)",2488.65877301168
18,2480.05135802469,1337.04011138106,81,148.560012375674,2628.61137040037,2331.49134564902,"softmax(Q * gaze)",2579.70227780123
18,2480.05135802469,1337.04011138106,81,148.560012375674,2628.61137040037,2331.49134564902,"softmax(Q) * gaze",2546.94018805175
18,2480.05135802469,1337.04011138106,81,148.560012375674,2628.61137040037,2331.49134564902,"softmax(Q) + gaze",2436.66392913516
19,2440.70674698795,1398.32129080805,83,153.485701713374,2594.19244870133,2287.22104527458,"Q",2499.19528033743
19,2440.70674698795,1398.32129080805,83,153.485701713374,2594.19244870133,2287.22104527458,"Q * gaze",2516.93010644902
19,2440.70674698795,1398.32129080805,83,153.485701713374,2594.19244870133,2287.22104527458,"Q + gaze",2497.90460777075
19,2440.70674698795,1398.32129080805,83,153.485701713374,2594.19244870133,2287.22104527458,"softmax(Q)",2509.63828238817
19,2440.70674698795,1398.32129080805,83,153.485701713374,2594.19244870133,2287.22104527458,"softmax(Q * gaze)",2548.74587258839
19,2440.70674698795,1398.32129080805,83,153.485701713374,2594.19244870133,2287.22104527458,"softmax(Q) * gaze",2574.89388409422
19,2440.70674698795,1398.32129080805,83,153.485701713374,2594.19244870133,2287.22104527458,"softmax(Q) + gaze",2495.77299282319
20,2371.29304878049,1344.18539005553,82,148.440443951345,2519.73349273183,2222.85260482914,"Q",2462.57244908884
20,2371.29304878049,1344.18539005553,82,148.440443951345,2519.73349273183,2222.85260482914,"Q * gaze",2592.62760746827
20,2371.29304878049,1344.18539005553,82,148.440443951345,2519.73349273183,2222.85260482914,"Q + gaze",2477.07416033117
20,2371.29304878049,1344.18539005553,82,148.440443951345,2519.73349273183,2222.85260482914,"softmax(Q)",2510.39038505859
20,2371.29304878049,1344.18539005553,82,148.440443951345,2519.73349273183,2222.85260482914,"softmax(Q * gaze)",2553.8835239211
20,2371.29304878049,1344.18539005553,82,148.440443951345,2519.73349273183,2222.85260482914,"softmax(Q) * gaze",2664.1572974215
20,2371.29304878049,1344.18539005553,82,148.440443951345,2519.73349273183,2222.85260482914,"softmax(Q) + gaze",2495.74006179657
21,2258.55925925926,1323.37398090145,81,147.041553433494,2405.60081269275,2111.51770582577,"Q",2539.87580054798
21,2258.55925925926,1323.37398090145,81,147.041553433494,2405.60081269275,2111.51770582577,"Q * gaze",2542.42626938021
21,2258.55925925926,1323.37398090145,81,147.041553433494,2405.60081269275,2111.51770582577,"Q + gaze",2445.08029268515
21,2258.55925925926,1323.37398090145,81,147.041553433494,2405.60081269275,2111.51770582577,"softmax(Q)",2505.44952560042
21,2258.55925925926,1323.37398090145,81,147.041553433494,2405.60081269275,2111.51770582577,"softmax(Q * gaze)",2542.83350596924
21,2258.55925925926,1323.37398090145,81,147.041553433494,2405.60081269275,2111.51770582577,"softmax(Q) * gaze",2521.61857876695
21,2258.55925925926,1323.37398090145,81,147.041553433494,2405.60081269275,2111.51770582577,"softmax(Q) + gaze",2410.71213427726
22,2549.48231707317,1514.34717541411,82,167.231669588113,2716.71398666128,2382.25064748506,"Q",2483.99451683842
22,2549.48231707317,1514.34717541411,82,167.231669588113,2716.71398666128,2382.25064748506,"Q * gaze",2593.22774575962
22,2549.48231707317,1514.34717541411,82,167.231669588113,2716.71398666128,2382.25064748506,"Q + gaze",2479.02817779072
22,2549.48231707317,1514.34717541411,82,167.231669588113,2716.71398666128,2382.25064748506,"softmax(Q)",2502.80555586175
22,2549.48231707317,1514.34717541411,82,167.231669588113,2716.71398666128,2382.25064748506,"softmax(Q * gaze)",2599.26672347218
22,2549.48231707317,1514.34717541411,82,167.231669588113,2716.71398666128,2382.25064748506,"softmax(Q) * gaze",2649.61714524256
22,2549.48231707317,1514.34717541411,82,167.231669588113,2716.71398666128,2382.25064748506,"softmax(Q) + gaze",2494.6871112933
23,2727.02397590361,1894.21527603278,83,207.917138034905,2934.94111393852,2519.10683786871,"Q",2474.89969892496
23,2727.02397590361,1894.21527603278,83,207.917138034905,2934.94111393852,2519.10683786871,"Q * gaze",2542.36301938034
23,2727.02397590361,1894.21527603278,83,207.917138034905,2934.94111393852,2519.10683786871,"Q + gaze",2436.69456212123
23,2727.02397590361,1894.21527603278,83,207.917138034905,2934.94111393852,2519.10683786871,"softmax(Q)",2456.95820440638
23,2727.02397590361,1894.21527603278,83,207.917138034905,2934.94111393852,2519.10683786871,"softmax(Q * gaze)",2552.47252890791
23,2727.02397590361,1894.21527603278,83,207.917138034905,2934.94111393852,2519.10683786871,"softmax(Q) * gaze",2571.5616146022
23,2727.02397590361,1894.21527603278,83,207.917138034905,2934.94111393852,2519.10683786871,"softmax(Q) + gaze",2420.83552115792
24,2584.51313253012,1358.93784413212,83,149.162806833147,2733.67593936327,2435.35032569697,"Q",2470.82264225992
24,2584.51313253012,1358.93784413212,83,149.162806833147,2733.67593936327,2435.35032569697,"Q * gaze",2634.94374047749
24,2584.51313253012,1358.93784413212,83,149.162806833147,2733.67593936327,2435.35032569697,"Q + gaze",2482.64355285157
24,2584.51313253012,1358.93784413212,83,149.162806833147,2733.67593936327,2435.35032569697,"softmax(Q)",2488.12076486675
24,2584.51313253012,1358.93784413212,83,149.162806833147,2733.67593936327,2435.35032569697,"softmax(Q * gaze)",2596.71929204812
24,2584.51313253012,1358.93784413212,83,149.162806833147,2733.67593936327,2435.35032569697,"softmax(Q) * gaze",2692.50282791818
24,2584.51313253012,1358.93784413212,83,149.162806833147,2733.67593936327,2435.35032569697,"softmax(Q) + gaze",2475.00233518584
25,2620.92817073171,1511.11983894794,82,166.875269896997,2787.8034406287,2454.05290083471,"Q",2524.69429578862
25,2620.92817073171,1511.11983894794,82,166.875269896997,2787.8034406287,2454.05290083471,"Q * gaze",2618.52539373913
25,2620.92817073171,1511.11983894794,82,166.875269896997,2787.8034406287,2454.05290083471,"Q + gaze",2494.2730083612
25,2620.92817073171,1511.11983894794,82,166.875269896997,2787.8034406287,2454.05290083471,"softmax(Q)",2458.00577820127
25,2620.92817073171,1511.11983894794,82,166.875269896997,2787.8034406287,2454.05290083471,"softmax(Q * gaze)",2534.73821027638
25,2620.92817073171,1511.11983894794,82,166.875269896997,2787.8034406287,2454.05290083471,"softmax(Q) * gaze",2574.22334251024
25,2620.92817073171,1511.11983894794,82,166.875269896997,2787.8034406287,2454.05290083471,"softmax(Q) + gaze",2412.53072718668
26,2270.58580246914,1155.30921817155,81,128.36769090795,2398.95349337709,2142.21811156119,"Q",2481.26757215054
26,2270.58580246914,1155.30921817155,81,128.36769090795,2398.95349337709,2142.21811156119,"Q * gaze",2470.62880714744
26,2270.58580246914,1155.30921817155,81,128.36769090795,2398.95349337709,2142.21811156119,"Q + gaze",2421.84813594223
26,2270.58580246914,1155.30921817155,81,128.36769090795,2398.95349337709,2142.21811156119,"softmax(Q)",2494.23381525177
26,2270.58580246914,1155.30921817155,81,128.36769090795,2398.95349337709,2142.21811156119,"softmax(Q * gaze)",2545.74185230493
26,2270.58580246914,1155.30921817155,81,128.36769090795,2398.95349337709,2142.21811156119,"softmax(Q) * gaze",2483.41080080913
26,2270.58580246914,1155.30921817155,81,128.36769090795,2398.95349337709,2142.21811156119,"softmax(Q) + gaze",2425.66388007876
27,2616.1243902439,1771.31565668852,82,195.609091128382,2811.73348137228,2420.51529911552,"Q",2438.2816162689
27,2616.1243902439,1771.31565668852,82,195.609091128382,2811.73348137228,2420.51529911552,"Q * gaze",2556.21492988629
27,2616.1243902439,1771.31565668852,82,195.609091128382,2811.73348137228,2420.51529911552,"Q + gaze",2465.84486944941
27,2616.1243902439,1771.31565668852,82,195.609091128382,2811.73348137228,2420.51529911552,"softmax(Q)",2437.20181671909
27,2616.1243902439,1771.31565668852,82,195.609091128382,2811.73348137228,2420.51529911552,"softmax(Q * gaze)",2544.01909524879
27,2616.1243902439,1771.31565668852,82,195.609091128382,2811.73348137228,2420.51529911552,"softmax(Q) * gaze",2582.32691187517
27,2616.1243902439,1771.31565668852,82,195.609091128382,2811.73348137228,2420.51529911552,"softmax(Q) + gaze",2420.75600938458
28,2451.45695121951,1512.82968617001,82,167.064090935086,2618.5210421546,2284.39286028443,"Q",2477.81858393705
28,2451.45695121951,1512.82968617001,82,167.064090935086,2618.5210421546,2284.39286028443,"Q * gaze",2577.51041624444
28,2451.45695121951,1512.82968617001,82,167.064090935086,2618.5210421546,2284.39286028443,"Q + gaze",2460.07272516474
28,2451.45695121951,1512.82968617001,82,167.064090935086,2618.5210421546,2284.39286028443,"softmax(Q)",2457.00578439767
28,2451.45695121951,1512.82968617001,82,167.064090935086,2618.5210421546,2284.39286028443,"softmax(Q * gaze)",2566.7073287845
28,2451.45695121951,1512.82968617001,82,167.064090935086,2618.5210421546,2284.39286028443,"softmax(Q) * gaze",2520.60797061072
28,2451.45695121951,1512.82968617001,82,167.064090935086,2618.5210421546,2284.39286028443,"softmax(Q) + gaze",2432.4825179689
29,2615.50146341463,1554.25984336011,82,171.639286419109,2787.14074983374,2443.86217699553,"Q",2486.28180099314
29,2615.50146341463,1554.25984336011,82,171.639286419109,2787.14074983374,2443.86217699553,"Q * gaze",2582.07604320037
29,2615.50146341463,1554.25984336011,82,171.639286419109,2787.14074983374,2443.86217699553,"Q + gaze",2461.28026386576
29,2615.50146341463,1554.25984336011,82,171.639286419109,2787.14074983374,2443.86217699553,"softmax(Q)",2460.59160471942
29,2615.50146341463,1554.25984336011,82,171.639286419109,2787.14074983374,2443.86217699553,"softmax(Q * gaze)",2582.17321886304
29,2615.50146341463,1554.25984336011,82,171.639286419109,2787.14074983374,2443.86217699553,"softmax(Q) * gaze",2597.82835686669
29,2615.50146341463,1554.25984336011,82,171.639286419109,2787.14074983374,2443.86217699553,"softmax(Q) + gaze",2422.3797645859
30,2431.26987951807,1567.67612333258,83,172.074809581107,2603.34468909918,2259.19506993697,"Q",2504.59272372268
30,2431.26987951807,1567.67612333258,83,172.074809581107,2603.34468909918,2259.19506993697,"Q * gaze",2533.9382442947
30,2431.26987951807,1567.67612333258,83,172.074809581107,2603.34468909918,2259.19506993697,"Q + gaze",2431.84122922135
30,2431.26987951807,1567.67612333258,83,172.074809581107,2603.34468909918,2259.19506993697,"softmax(Q)",2403.6878645703
30,2431.26987951807,1567.67612333258,83,172.074809581107,2603.34468909918,2259.19506993697,"softmax(Q * gaze)",2562.82012091977
30,2431.26987951807,1567.67612333258,83,172.074809581107,2603.34468909918,2259.19506993697,"softmax(Q) * gaze",2516.01128479692
30,2431.26987951807,1567.67612333258,83,172.074809581107,2603.34468909918,2259.19506993697,"softmax(Q) + gaze",2394.13696198198
31,2310.48280487805,1266.58577288795,82,139.870999804705,2450.35380468275,2170.61180507334,"Q",2501.52008259558
31,2310.48280487805,1266.58577288795,82,139.870999804705,2450.35380468275,2170.61180507334,"Q * gaze",2523.69377871525
31,2310.48280487805,1266.58577288795,82,139.870999804705,2450.35380468275,2170.61180507334,"Q + gaze",2451.21444342384
31,2310.48280487805,1266.58577288795,82,139.870999804705,2450.35380468275,2170.61180507334,"softmax(Q)",2460.55987430807
31,2310.48280487805,1266.58577288795,82,139.870999804705,2450.35380468275,2170.61180507334,"softmax(Q * gaze)",2550.82916761821
31,2310.48280487805,1266.58577288795,82,139.870999804705,2450.35380468275,2170.61180507334,"softmax(Q) * gaze",2478.58319443977
31,2310.48280487805,1266.58577288795,82,139.870999804705,2450.35380468275,2170.61180507334,"softmax(Q) + gaze",2396.26714438498
32,2718.01518072289,1679.30001665209,83,184.327123628491,2902.34230435138,2533.6880570944,"Q",2458.51291583719
32,2718.01518072289,1679.30001665209,83,184.327123628491,2902.34230435138,2533.6880570944,"Q * gaze",2572.70969510666
32,2718.01518072289,1679.30001665209,83,184.327123628491,2902.34230435138,2533.6880570944,"Q + gaze",2461.29138217522
32,2718.01518072289,1679.30001665209,83,184.327123628491,2902.34230435138,2533.6880570944,"softmax(Q)",2364.06331012538
32,2718.01518072289,1679.30001665209,83,184.327123628491,2902.34230435138,2533.6880570944,"softmax(Q * gaze)",2537.28162941308
32,2718.01518072289,1679.30001665209,83,184.327123628491,2902.34230435138,2533.6880570944,"softmax(Q) * gaze",2537.98079808052
32,2718.01518072289,1679.30001665209,83,184.327123628491,2902.34230435138,2533.6880570944,"softmax(Q) + gaze",2410.99862881958
33,2565.78913580247,1353.61215755492,81,150.401350839436,2716.1904866419,2415.38778496303,"Q",2517.24844483017
33,2565.78913580247,1353.61215755492,81,150.401350839436,2716.1904866419,2415.38778496303,"Q * gaze",2586.14156099712
33,2565.78913580247,1353.61215755492,81,150.401350839436,2716.1904866419,2415.38778496303,"Q + gaze",2510.24101441453
33,2565.78913580247,1353.61215755492,81,150.401350839436,2716.1904866419,2415.38778496303,"softmax(Q)",2470.97415042541
33,2565.78913580247,1353.61215755492,81,150.401350839436,2716.1904866419,2415.38778496303,"softmax(Q * gaze)",2572.83580624747
33,2565.78913580247,1353.61215755492,81,150.401350839436,2716.1904866419,2415.38778496303,"softmax(Q) * gaze",2574.09150184262
33,2565.78913580247,1353.61215755492,81,150.401350839436,2716.1904866419,2415.38778496303,"softmax(Q) + gaze",2414.36426470305
34,2560.29301204819,1755.48043369464,83,192.689010730873,2752.98202277907,2367.60400131732,"Q",2457.38827741144
34,2560.29301204819,1755.48043369464,83,192.689010730873,2752.98202277907,2367.60400131732,"Q * gaze",2581.23285410366
34,2560.29301204819,1755.48043369464,83,192.689010730873,2752.98202277907,2367.60400131732,"Q + gaze",2436.48014213539
34,2560.29301204819,1755.48043369464,83,192.689010730873,2752.98202277907,2367.60400131732,"softmax(Q)",2442.77977557745
34,2560.29301204819,1755.48043369464,83,192.689010730873,2752.98202277907,2367.60400131732,"softmax(Q * gaze)",2615.31567196086
34,2560.29301204819,1755.48043369464,83,192.689010730873,2752.98202277907,2367.60400131732,"softmax(Q) * gaze",2568.06934831673
34,2560.29301204819,1755.48043369464,83,192.689010730873,2752.98202277907,2367.60400131732,"softmax(Q) + gaze",2417.15268881825
35,2386.12134146341,1264.9591522559,82,139.691369605963,2525.81271106938,2246.42997185745,"Q",2457.24935758706
35,2386.12134146341,1264.9591522559,82,139.691369605963,2525.81271106938,2246.42997185745,"Q * gaze",2585.99218508488
35,2386.12134146341,1264.9591522559,82,139.691369605963,2525.81271106938,2246.42997185745,"Q + gaze",2449.89038958031
35,2386.12134146341,1264.9591522559,82,139.691369605963,2525.81271106938,2246.42997185745,"softmax(Q)",2409.35617878721
35,2386.12134146341,1264.9591522559,82,139.691369605963,2525.81271106938,2246.42997185745,"softmax(Q * gaze)",2568.9277583843
35,2386.12134146341,1264.9591522559,82,139.691369605963,2525.81271106938,2246.42997185745,"softmax(Q) * gaze",2594.00346130601
35,2386.12134146341,1264.9591522559,82,139.691369605963,2525.81271106938,2246.42997185745,"softmax(Q) + gaze",2432.32386692255
36,2432.64156626506,1405.45630099916,83,154.268870827021,2586.91043709208,2278.37269543804,"Q",2529.83513461172
36,2432.64156626506,1405.45630099916,83,154.268870827021,2586.91043709208,2278.37269543804,"Q * gaze",2587.56597915918
36,2432.64156626506,1405.45630099916,83,154.268870827021,2586.91043709208,2278.37269543804,"Q + gaze",2494.90450974751
36,2432.64156626506,1405.45630099916,83,154.268870827021,2586.91043709208,2278.37269543804,"softmax(Q)",2388.57359148285
36,2432.64156626506,1405.45630099916,83,154.268870827021,2586.91043709208,2278.37269543804,"softmax(Q * gaze)",2569.94796685058
36,2432.64156626506,1405.45630099916,83,154.268870827021,2586.91043709208,2278.37269543804,"softmax(Q) * gaze",2487.22362129656
36,2432.64156626506,1405.45630099916,83,154.268870827021,2586.91043709208,2278.37269543804,"softmax(Q) + gaze",2396.10309501482
37,2449.94662650602,1491.99784777135,83,163.768039666833,2613.71466617286,2286.17858683919,"Q",2465.11929586181
37,2449.94662650602,1491.99784777135,83,163.768039666833,2613.71466617286,2286.17858683919,"Q * gaze",2540.64769784602
37,2449.94662650602,1491.99784777135,83,163.768039666833,2613.71466617286,2286.17858683919,"Q + gaze",2423.0024466766
37,2449.94662650602,1491.99784777135,83,163.768039666833,2613.71466617286,2286.17858683919,"softmax(Q)",2388.10732389328
37,2449.94662650602,1491.99784777135,83,163.768039666833,2613.71466617286,2286.17858683919,"softmax(Q * gaze)",2524.99501482285
37,2449.94662650602,1491.99784777135,83,163.768039666833,2613.71466617286,2286.17858683919,"softmax(Q) * gaze",2542.82584330696
37,2449.94662650602,1491.99784777135,83,163.768039666833,2613.71466617286,2286.17858683919,"softmax(Q) + gaze",2398.49991729804
38,2352.70792682927,1267.52545701539,82,139.974770556927,2492.68269738619,2212.73315627234,"Q",2429.3463072294
38,2352.70792682927,1267.52545701539,82,139.974770556927,2492.68269738619,2212.73315627234,"Q * gaze",2433.18516319817
38,2352.70792682927,1267.52545701539,82,139.974770556927,2492.68269738619,2212.73315627234,"Q + gaze",2397.66658189118
38,2352.70792682927,1267.52545701539,82,139.974770556927,2492.68269738619,2212.73315627234,"softmax(Q)",2365.6104759253
38,2352.70792682927,1267.52545701539,82,139.974770556927,2492.68269738619,2212.73315627234,"softmax(Q * gaze)",2540.62700497957
38,2352.70792682927,1267.52545701539,82,139.974770556927,2492.68269738619,2212.73315627234,"softmax(Q) * gaze",2387.24506330901
38,2352.70792682927,1267.52545701539,82,139.974770556927,2492.68269738619,2212.73315627234,"softmax(Q) + gaze",2355.44578032749
39,2488.38939759036,1447.03110756789,83,158.832298704251,2647.22169629461,2329.55709888611,"Q",2477.48941612775
39,2488.38939759036,1447.03110756789,83,158.832298704251,2647.22169629461,2329.55709888611,"Q * gaze",2489.22538536469
39,2488.38939759036,1447.03110756789,83,158.832298704251,2647.22169629461,2329.55709888611,"Q + gaze",2421.87353214404
39,2488.38939759036,1447.03110756789,83,158.832298704251,2647.22169629461,2329.55709888611,"softmax(Q)",2366.93124429388
39,2488.38939759036,1447.03110756789,83,158.832298704251,2647.22169629461,2329.55709888611,"softmax(Q * gaze)",2533.14650108005
39,2488.38939759036,1447.03110756789,83,158.832298704251,2647.22169629461,2329.55709888611,"softmax(Q) * gaze",2415.00962098975
39,2488.38939759036,1447.03110756789,83,158.832298704251,2647.22169629461,2329.55709888611,"softmax(Q) + gaze",2327.05966545477
40,2268.25674698795,1174.68895849187,83,128.93886424692,2397.19561123487,2139.31788274103,"Q",2480.95616087009
40,2268.25674698795,1174.68895849187,83,128.93886424692,2397.19561123487,2139.31788274103,"Q * gaze",2553.83784864888
40,2268.25674698795,1174.68895849187,83,128.93886424692,2397.19561123487,2139.31788274103,"Q + gaze",2476.12089718641
40,2268.25674698795,1174.68895849187,83,128.93886424692,2397.19561123487,2139.31788274103,"softmax(Q)",2320.21157833882
40,2268.25674698795,1174.68895849187,83,128.93886424692,2397.19561123487,2139.31788274103,"softmax(Q * gaze)",2553.56443289644
40,2268.25674698795,1174.68895849187,83,128.93886424692,2397.19561123487,2139.31788274103,"softmax(Q) * gaze",2501.35773823674
40,2268.25674698795,1174.68895849187,83,128.93886424692,2397.19561123487,2139.31788274103,"softmax(Q) + gaze",2375.82210289968
41,2445.79578313253,1387.26045126596,83,152.271616846172,2598.0673999787,2293.52416628636,"Q",2600.3562208745
41,2445.79578313253,1387.26045126596,83,152.271616846172,2598.0673999787,2293.52416628636,"Q * gaze",2564.69092752823
41,2445.79578313253,1387.26045126596,83,152.271616846172,2598.0673999787,2293.52416628636,"Q + gaze",2476.70741283244
41,2445.79578313253,1387.26045126596,83,152.271616846172,2598.0673999787,2293.52416628636,"softmax(Q)",2387.4382149336
41,2445.79578313253,1387.26045126596,83,152.271616846172,2598.0673999787,2293.52416628636,"softmax(Q * gaze)",2582.81321634631
41,2445.79578313253,1387.26045126596,83,152.271616846172,2598.0673999787,2293.52416628636,"softmax(Q) * gaze",2442.00593268041
41,2445.79578313253,1387.26045126596,83,152.271616846172,2598.0673999787,2293.52416628636,"softmax(Q) + gaze",2328.14532853758
42,2447.35951807229,1446.53602579126,83,158.777956419405,2606.13747449169,2288.58156165288,"Q",2375.65977816428
42,2447.35951807229,1446.53602579126,83,158.777956419405,2606.13747449169,2288.58156165288,"Q * gaze",2457.14558314065
42,2447.35951807229,1446.53602579126,83,158.777956419405,2606.13747449169,2288.58156165288,"Q + gaze",2382.54001965964
42,2447.35951807229,1446.53602579126,83,158.777956419405,2606.13747449169,2288.58156165288,"softmax(Q)",2359.90436049996
42,2447.35951807229,1446.53602579126,83,158.777956419405,2606.13747449169,2288.58156165288,"softmax(Q * gaze)",2549.36386761624
42,2447.35951807229,1446.53602579126,83,158.777956419405,2606.13747449169,2288.58156165288,"softmax(Q) * gaze",2463.72231175541
42,2447.35951807229,1446.53602579126,83,158.777956419405,2606.13747449169,2288.58156165288,"softmax(Q) + gaze",2376.3365851825
43,2312.4013253012,1451.57332243729,83,159.330871558105,2471.73219685931,2153.0704537431,"Q",2516.37584932739
43,2312.4013253012,1451.57332243729,83,159.330871558105,2471.73219685931,2153.0704537431,"Q * gaze",2529.25692282364
43,2312.4013253012,1451.57332243729,83,159.330871558105,2471.73219685931,2153.0704537431,"Q + gaze",2466.96934614264
43,2312.4013253012,1451.57332243729,83,159.330871558105,2471.73219685931,2153.0704537431,"softmax(Q)",2368.83616606189
43,2312.4013253012,1451.57332243729,83,159.330871558105,2471.73219685931,2153.0704537431,"softmax(Q * gaze)",2556.17523116531
43,2312.4013253012,1451.57332243729,83,159.330871558105,2471.73219685931,2153.0704537431,"softmax(Q) * gaze",2426.69450429132
43,2312.4013253012,1451.57332243729,83,159.330871558105,2471.73219685931,2153.0704537431,"softmax(Q) + gaze",2354.60341028587
44,2191.46228915663,1325.73448202867,83,145.518264362692,2336.98055351932,2045.94402479393,"Q",2394.59527922626
44,2191.46228915663,1325.73448202867,83,145.518264362692,2336.98055351932,2045.94402479393,"Q * gaze",2481.41430348514
44,2191.46228915663,1325.73448202867,83,145.518264362692,2336.98055351932,2045.94402479393,"Q + gaze",2396.5011331919
44,2191.46228915663,1325.73448202867,83,145.518264362692,2336.98055351932,2045.94402479393,"softmax(Q)",2323.93001988184
44,2191.46228915663,1325.73448202867,83,145.518264362692,2336.98055351932,2045.94402479393,"softmax(Q * gaze)",2555.7610543941
44,2191.46228915663,1325.73448202867,83,145.518264362692,2336.98055351932,2045.94402479393,"softmax(Q) * gaze",2470.15292605278
44,2191.46228915663,1325.73448202867,83,145.518264362692,2336.98055351932,2045.94402479393,"softmax(Q) + gaze",2347.45816909915
45,2099.1034939759,1055.097205772,83,115.811964008754,2214.91545798466,1983.29152996715,"Q",2412.5456683387
45,2099.1034939759,1055.097205772,83,115.811964008754,2214.91545798466,1983.29152996715,"Q * gaze",2492.58648705504
45,2099.1034939759,1055.097205772,83,115.811964008754,2214.91545798466,1983.29152996715,"Q + gaze",2380.03430507534
45,2099.1034939759,1055.097205772,83,115.811964008754,2214.91545798466,1983.29152996715,"softmax(Q)",2362.40699136545
45,2099.1034939759,1055.097205772,83,115.811964008754,2214.91545798466,1983.29152996715,"softmax(Q * gaze)",2553.93574339699
45,2099.1034939759,1055.097205772,83,115.811964008754,2214.91545798466,1983.29152996715,"softmax(Q) * gaze",2464.65542922881
45,2099.1034939759,1055.097205772,83,115.811964008754,2214.91545798466,1983.29152996715,"softmax(Q) + gaze",2373.34420210156
46,2352.44096385542,1170.08785987042,83,128.433828061597,2480.87479191702,2224.00713579383,"Q",2446.82897660092
46,2352.44096385542,1170.08785987042,83,128.433828061597,2480.87479191702,2224.00713579383,"Q * gaze",2516.55956337943
46,2352.44096385542,1170.08785987042,83,128.433828061597,2480.87479191702,2224.00713579383,"Q + gaze",2453.19484940302
46,2352.44096385542,1170.08785987042,83,128.433828061597,2480.87479191702,2224.00713579383,"softmax(Q)",2342.85322019901
46,2352.44096385542,1170.08785987042,83,128.433828061597,2480.87479191702,2224.00713579383,"softmax(Q * gaze)",2544.4927068003
46,2352.44096385542,1170.08785987042,83,128.433828061597,2480.87479191702,2224.00713579383,"softmax(Q) * gaze",2465.24816825213
46,2352.44096385542,1170.08785987042,83,128.433828061597,2480.87479191702,2224.00713579383,"softmax(Q) + gaze",2382.55140856398
47,2279.56481927711,1471.10314997264,83,161.474548625249,2441.03936790236,2118.09027065186,"Q",2522.38869790498
47,2279.56481927711,1471.10314997264,83,161.474548625249,2441.03936790236,2118.09027065186,"Q * gaze",2614.61282751571
47,2279.56481927711,1471.10314997264,83,161.474548625249,2441.03936790236,2118.09027065186,"Q + gaze",2499.47474117317
47,2279.56481927711,1471.10314997264,83,161.474548625249,2441.03936790236,2118.09027065186,"softmax(Q)",2351.77425400194
47,2279.56481927711,1471.10314997264,83,161.474548625249,2441.03936790236,2118.09027065186,"softmax(Q * gaze)",2576.36918495311
47,2279.56481927711,1471.10314997264,83,161.474548625249,2441.03936790236,2118.09027065186,"softmax(Q) * gaze",2485.7549761497
47,2279.56481927711,1471.10314997264,83,161.474548625249,2441.03936790236,2118.09027065186,"softmax(Q) + gaze",2377.84811543279
48,2241.90146341463,1206.77216497802,82,133.265691803169,2375.1671552178,2108.63577161147,"Q",2390.64875414494
48,2241.90146341463,1206.77216497802,82,133.265691803169,2375.1671552178,2108.63577161147,"Q * gaze",2417.38004666244
48,2241.90146341463,1206.77216497802,82,133.265691803169,2375.1671552178,2108.63577161147,"Q + gaze",2349.54027411268
48,2241.90146341463,1206.77216497802,82,133.265691803169,2375.1671552178,2108.63577161147,"softmax(Q)",2308.06036155498
48,2241.90146341463,1206.77216497802,82,133.265691803169,2375.1671552178,2108.63577161147,"softmax(Q * gaze)",2539.03937404868
48,2241.90146341463,1206.77216497802,82,133.265691803169,2375.1671552178,2108.63577161147,"softmax(Q) * gaze",2386.79231801655
48,2241.90146341463,1206.77216497802,82,133.265691803169,2375.1671552178,2108.63577161147,"softmax(Q) + gaze",2331.24029398207
49,2201.99963414634,1137.18683462983,82,125.581277580397,2327.58091172674,2076.41835656595,"Q",2430.25875752302
49,2201.99963414634,1137.18683462983,82,125.581277580397,2327.58091172674,2076.41835656595,"Q * gaze",2473.35604667338
49,2201.99963414634,1137.18683462983,82,125.581277580397,2327.58091172674,2076.41835656595,"Q + gaze",2398.60491150569
49,2201.99963414634,1137.18683462983,82,125.581277580397,2327.58091172674,2076.41835656595,"softmax(Q)",2342.98727492652
49,2201.99963414634,1137.18683462983,82,125.581277580397,2327.58091172674,2076.41835656595,"softmax(Q * gaze)",2542.09012316708
49,2201.99963414634,1137.18683462983,82,125.581277580397,2327.58091172674,2076.41835656595,"softmax(Q) * gaze",2446.12075630026
49,2201.99963414634,1137.18683462983,82,125.581277580397,2327.58091172674,2076.41835656595,"softmax(Q) + gaze",2349.62924450088
50,2285.94361445783,1393.41725269611,83,152.947413599056,2438.89102805689,2132.99620085878,"Q",2382.1081147761
50,2285.94361445783,1393.41725269611,83,152.947413599056,2438.89102805689,2132.99620085878,"Q * gaze",2370.67700524654
50,2285.94361445783,1393.41725269611,83,152.947413599056,2438.89102805689,2132.99620085878,"Q + gaze",2335.88352139516
50,2285.94361445783,1393.41725269611,83,152.947413599056,2438.89102805689,2132.99620085878,"softmax(Q)",2297.08900214136
50,2285.94361445783,1393.41725269611,83,152.947413599056,2438.89102805689,2132.99620085878,"softmax(Q * gaze)",2562.56524931848
50,2285.94361445783,1393.41725269611,83,152.947413599056,2438.89102805689,2132.99620085878,"softmax(Q) * gaze",2344.88241529124
50,2285.94361445783,1393.41725269611,83,152.947413599056,2438.89102805689,2132.99620085878,"softmax(Q) + gaze",2279.17213084006
51,2354.58662650602,1508.53705199917,83,165.583453179717,2520.17007968574,2189.00317332631,"Q",2420.59143545549
51,2354.58662650602,1508.53705199917,83,165.583453179717,2520.17007968574,2189.00317332631,"Q * gaze",2480.1108150104
51,2354.58662650602,1508.53705199917,83,165.583453179717,2520.17007968574,2189.00317332631,"Q + gaze",2406.17681356192
51,2354.58662650602,1508.53705199917,83,165.583453179717,2520.17007968574,2189.00317332631,"softmax(Q)",2352.46715879531
51,2354.58662650602,1508.53705199917,83,165.583453179717,2520.17007968574,2189.00317332631,"softmax(Q * gaze)",2552.09304914995
51,2354.58662650602,1508.53705199917,83,165.583453179717,2520.17007968574,2189.00317332631,"softmax(Q) * gaze",2511.76318976077
51,2354.58662650602,1508.53705199917,83,165.583453179717,2520.17007968574,2189.00317332631,"softmax(Q) + gaze",2367.86526319748
52,2299.93060240964,1237.3946633398,83,135.821709536686,2435.75231194632,2164.10889287295,"Q",2392.66783175249
52,2299.93060240964,1237.3946633398,83,135.821709536686,2435.75231194632,2164.10889287295,"Q * gaze",2524.54621025379
52,2299.93060240964,1237.3946633398,83,135.821709536686,2435.75231194632,2164.10889287295,"Q + gaze",2375.32854171946
52,2299.93060240964,1237.3946633398,83,135.821709536686,2435.75231194632,2164.10889287295,"softmax(Q)",2261.62783608054
52,2299.93060240964,1237.3946633398,83,135.821709536686,2435.75231194632,2164.10889287295,"softmax(Q * gaze)",2489.59456280616
52,2299.93060240964,1237.3946633398,83,135.821709536686,2435.75231194632,2164.10889287295,"softmax(Q) * gaze",2444.42855923747
52,2299.93060240964,1237.3946633398,83,135.821709536686,2435.75231194632,2164.10889287295,"softmax(Q) + gaze",2335.24402191228
53,2180.72353658537,1167.04213530456,82,128.87824399533,2309.6017805807,2051.84529259004,"Q",2475.03851420012
53,2180.72353658537,1167.04213530456,82,128.87824399533,2309.6017805807,2051.84529259004,"Q * gaze",2507.83979016876
53,2180.72353658537,1167.04213530456,82,128.87824399533,2309.6017805807,2051.84529259004,"Q + gaze",2413.46440944987
53,2180.72353658537,1167.04213530456,82,128.87824399533,2309.6017805807,2051.84529259004,"softmax(Q)",2295.9099856266
53,2180.72353658537,1167.04213530456,82,128.87824399533,2309.6017805807,2051.84529259004,"softmax(Q * gaze)",2554.33307031051
53,2180.72353658537,1167.04213530456,82,128.87824399533,2309.6017805807,2051.84529259004,"softmax(Q) * gaze",2413.50095692662
53,2180.72353658537,1167.04213530456,82,128.87824399533,2309.6017805807,2051.84529259004,"softmax(Q) + gaze",2328.53737417434
54,2389.41419753086,1478.4273955312,81,164.269710614578,2553.68390814544,2225.14448691629,"Q",2404.73444897112
54,2389.41419753086,1478.4273955312,81,164.269710614578,2553.68390814544,2225.14448691629,"Q * gaze",2462.67226022707
54,2389.41419753086,1478.4273955312,81,164.269710614578,2553.68390814544,2225.14448691629,"Q + gaze",2388.65164339402
54,2389.41419753086,1478.4273955312,81,164.269710614578,2553.68390814544,2225.14448691629,"softmax(Q)",2319.57204165215
54,2389.41419753086,1478.4273955312,81,164.269710614578,2553.68390814544,2225.14448691629,"softmax(Q * gaze)",2541.29477096076
54,2389.41419753086,1478.4273955312,81,164.269710614578,2553.68390814544,2225.14448691629,"softmax(Q) * gaze",2430.98365913028
54,2389.41419753086,1478.4273955312,81,164.269710614578,2553.68390814544,2225.14448691629,"softmax(Q) + gaze",2348.01249322111
55,2020.51975903614,1286.214118924,83,141.180340951985,2161.70009998813,1879.33941808416,"Q",2389.836806065
55,2020.51975903614,1286.214118924,83,141.180340951985,2161.70009998813,1879.33941808416,"Q * gaze",2408.95730183114
55,2020.51975903614,1286.214118924,83,141.180340951985,2161.70009998813,1879.33941808416,"Q + gaze",2381.98868563505
55,2020.51975903614,1286.214118924,83,141.180340951985,2161.70009998813,1879.33941808416,"softmax(Q)",2268.43867450678
55,2020.51975903614,1286.214118924,83,141.180340951985,2161.70009998813,1879.33941808416,"softmax(Q * gaze)",2540.71878494238
55,2020.51975903614,1286.214118924,83,141.180340951985,2161.70009998813,1879.33941808416,"softmax(Q) * gaze",2362.66085401949
55,2020.51975903614,1286.214118924,83,141.180340951985,2161.70009998813,1879.33941808416,"softmax(Q) + gaze",2307.53185630502
56,2181.25542168675,1401.37250906449,83,153.82061642736,2335.07603811411,2027.43480525939,"Q",2515.74353078144
56,2181.25542168675,1401.37250906449,83,153.82061642736,2335.07603811411,2027.43480525939,"Q * gaze",2513.9395193269
56,2181.25542168675,1401.37250906449,83,153.82061642736,2335.07603811411,2027.43480525939,"Q + gaze",2465.14025661505
56,2181.25542168675,1401.37250906449,83,153.82061642736,2335.07603811411,2027.43480525939,"softmax(Q)",2361.98777428666
56,2181.25542168675,1401.37250906449,83,153.82061642736,2335.07603811411,2027.43480525939,"softmax(Q * gaze)",2550.26972805769
56,2181.25542168675,1401.37250906449,83,153.82061642736,2335.07603811411,2027.43480525939,"softmax(Q) * gaze",2384.70261462685
56,2181.25542168675,1401.37250906449,83,153.82061642736,2335.07603811411,2027.43480525939,"softmax(Q) + gaze",2353.64168212138
57,2231.75060240964,1365.43799888565,83,149.876291509487,2381.62689391913,2081.87431090015,"Q",2548.17583976843
57,2231.75060240964,1365.43799888565,83,149.876291509487,2381.62689391913,2081.87431090015,"Q * gaze",2590.26378574345
57,2231.75060240964,1365.43799888565,83,149.876291509487,2381.62689391913,2081.87431090015,"Q + gaze",2476.10267276323
57,2231.75060240964,1365.43799888565,83,149.876291509487,2381.62689391913,2081.87431090015,"softmax(Q)",2324.54912917807
57,2231.75060240964,1365.43799888565,83,149.876291509487,2381.62689391913,2081.87431090015,"softmax(Q * gaze)",2592.89544394739
57,2231.75060240964,1365.43799888565,83,149.876291509487,2381.62689391913,2081.87431090015,"softmax(Q) * gaze",2497.43833928568
57,2231.75060240964,1365.43799888565,83,149.876291509487,2381.62689391913,2081.87431090015,"softmax(Q) + gaze",2321.31393595785
58,2152.35975903614,1055.46843919606,83,115.852712170829,2268.21247120697,2036.50704686532,"Q",2481.50901744093
58,2152.35975903614,1055.46843919606,83,115.852712170829,2268.21247120697,2036.50704686532,"Q * gaze",2610.82154394073
58,2152.35975903614,1055.46843919606,83,115.852712170829,2268.21247120697,2036.50704686532,"Q + gaze",2477.42791772596
58,2152.35975903614,1055.46843919606,83,115.852712170829,2268.21247120697,2036.50704686532,"softmax(Q)",2290.82593783913
58,2152.35975903614,1055.46843919606,83,115.852712170829,2268.21247120697,2036.50704686532,"softmax(Q * gaze)",2514.42567776045
58,2152.35975903614,1055.46843919606,83,115.852712170829,2268.21247120697,2036.50704686532,"softmax(Q) * gaze",2436.25088406433
58,2152.35975903614,1055.46843919606,83,115.852712170829,2268.21247120697,2036.50704686532,"softmax(Q) + gaze",2344.43505173687
59,2278.19710843374,1375.34586149025,83,150.963820716361,2429.1609291501,2127.23328771737,"Q",2401.60035225523
59,2278.19710843374,1375.34586149025,83,150.963820716361,2429.1609291501,2127.23328771737,"Q * gaze",2450.84414191116
59,2278.19710843374,1375.34586149025,83,150.963820716361,2429.1609291501,2127.23328771737,"Q + gaze",2377.1213669718
59,2278.19710843374,1375.34586149025,83,150.963820716361,2429.1609291501,2127.23328771737,"softmax(Q)",2264.80543238973
59,2278.19710843374,1375.34586149025,83,150.963820716361,2429.1609291501,2127.23328771737,"softmax(Q * gaze)",2542.45680487102
59,2278.19710843374,1375.34586149025,83,150.963820716361,2429.1609291501,2127.23328771737,"softmax(Q) * gaze",2394.62191680187
59,2278.19710843374,1375.34586149025,83,150.963820716361,2429.1609291501,2127.23328771737,"softmax(Q) + gaze",2334.52612000705
60,2200.58975609756,1341.8794868006,82,148.185799535922,2348.77555563348,2052.40395656164,"Q",2375.38114504613
60,2200.58975609756,1341.8794868006,82,148.185799535922,2348.77555563348,2052.40395656164,"Q * gaze",2418.97436142282
60,2200.58975609756,1341.8794868006,82,148.185799535922,2348.77555563348,2052.40395656164,"Q + gaze",2361.49602029421
60,2200.58975609756,1341.8794868006,82,148.185799535922,2348.77555563348,2052.40395656164,"softmax(Q)",2249.91348685717
60,2200.58975609756,1341.8794868006,82,148.185799535922,2348.77555563348,2052.40395656164,"softmax(Q * gaze)",2515.7316529018
60,2200.58975609756,1341.8794868006,82,148.185799535922,2348.77555563348,2052.40395656164,"softmax(Q) * gaze",2311.79591244999
60,2200.58975609756,1341.8794868006,82,148.185799535922,2348.77555563348,2052.40395656164,"softmax(Q) + gaze",2296.08104335332
