"trial_number","acc","n","se","upper","lower","model","fit"
1,0.36,50,0.0678822509939086,0.427882250993909,0.292117749006091,"Q",0.5022
1,0.36,50,0.0678822509939086,0.427882250993909,0.292117749006091,"Q * gaze",0.4846
1,0.36,50,0.0678822509939086,0.427882250993909,0.292117749006091,"Q + gaze",0.4736
1,0.36,50,0.0678822509939086,0.427882250993909,0.292117749006091,"softmax(Q)",0.4942
1,0.36,50,0.0678822509939086,0.427882250993909,0.292117749006091,"softmax(Q * gaze)",0.471
1,0.36,50,0.0678822509939086,0.427882250993909,0.292117749006091,"softmax(Q) * gaze",0.4882
1,0.36,50,0.0678822509939086,0.427882250993909,0.292117749006091,"softmax(Q) + gaze",0.487
2,0.64,50,0.0678822509939086,0.707882250993909,0.572117749006091,"Q",0.5362
2,0.64,50,0.0678822509939086,0.707882250993909,0.572117749006091,"Q * gaze",0.5418
2,0.64,50,0.0678822509939086,0.707882250993909,0.572117749006091,"Q + gaze",0.5538
2,0.64,50,0.0678822509939086,0.707882250993909,0.572117749006091,"softmax(Q)",0.5358
2,0.64,50,0.0678822509939086,0.707882250993909,0.572117749006091,"softmax(Q * gaze)",0.5654
2,0.64,50,0.0678822509939086,0.707882250993909,0.572117749006091,"softmax(Q) * gaze",0.5648
2,0.64,50,0.0678822509939086,0.707882250993909,0.572117749006091,"softmax(Q) + gaze",0.562
3,0.66,50,0.0669925368977769,0.726992536897777,0.593007463102223,"Q",0.5192
3,0.66,50,0.0669925368977769,0.726992536897777,0.593007463102223,"Q * gaze",0.5654
3,0.66,50,0.0669925368977769,0.726992536897777,0.593007463102223,"Q + gaze",0.567
3,0.66,50,0.0669925368977769,0.726992536897777,0.593007463102223,"softmax(Q)",0.5676
3,0.66,50,0.0669925368977769,0.726992536897777,0.593007463102223,"softmax(Q * gaze)",0.5862
3,0.66,50,0.0669925368977769,0.726992536897777,0.593007463102223,"softmax(Q) * gaze",0.58
3,0.66,50,0.0669925368977769,0.726992536897777,0.593007463102223,"softmax(Q) + gaze",0.578
4,0.62,50,0.068644009206922,0.688644009206922,0.551355990793078,"Q",0.5604
4,0.62,50,0.068644009206922,0.688644009206922,0.551355990793078,"Q * gaze",0.5116
4,0.62,50,0.068644009206922,0.688644009206922,0.551355990793078,"Q + gaze",0.5616
4,0.62,50,0.068644009206922,0.688644009206922,0.551355990793078,"softmax(Q)",0.562
4,0.62,50,0.068644009206922,0.688644009206922,0.551355990793078,"softmax(Q * gaze)",0.5324
4,0.62,50,0.068644009206922,0.688644009206922,0.551355990793078,"softmax(Q) * gaze",0.5498
4,0.62,50,0.068644009206922,0.688644009206922,0.551355990793078,"softmax(Q) + gaze",0.5868
5,0.8,50,0.0565685424949238,0.856568542494924,0.743431457505076,"Q",0.5778
5,0.8,50,0.0565685424949238,0.856568542494924,0.743431457505076,"Q * gaze",0.6078
5,0.8,50,0.0565685424949238,0.856568542494924,0.743431457505076,"Q + gaze",0.6126
5,0.8,50,0.0565685424949238,0.856568542494924,0.743431457505076,"softmax(Q)",0.6146
5,0.8,50,0.0565685424949238,0.856568542494924,0.743431457505076,"softmax(Q * gaze)",0.6558
5,0.8,50,0.0565685424949238,0.856568542494924,0.743431457505076,"softmax(Q) * gaze",0.6406
5,0.8,50,0.0565685424949238,0.856568542494924,0.743431457505076,"softmax(Q) + gaze",0.6666
6,0.54,50,0.0704840407468244,0.610484040746824,0.469515959253176,"Q",0.5452
6,0.54,50,0.0704840407468244,0.610484040746824,0.469515959253176,"Q * gaze",0.5252
6,0.54,50,0.0704840407468244,0.610484040746824,0.469515959253176,"Q + gaze",0.566
6,0.54,50,0.0704840407468244,0.610484040746824,0.469515959253176,"softmax(Q)",0.5782
6,0.54,50,0.0704840407468244,0.610484040746824,0.469515959253176,"softmax(Q * gaze)",0.5642
6,0.54,50,0.0704840407468244,0.610484040746824,0.469515959253176,"softmax(Q) * gaze",0.5458
6,0.54,50,0.0704840407468244,0.610484040746824,0.469515959253176,"softmax(Q) + gaze",0.5908
7,0.68,50,0.0659696900098826,0.745969690009883,0.614030309990117,"Q",0.5602
7,0.68,50,0.0659696900098826,0.745969690009883,0.614030309990117,"Q * gaze",0.543
7,0.68,50,0.0659696900098826,0.745969690009883,0.614030309990117,"Q + gaze",0.5606
7,0.68,50,0.0659696900098826,0.745969690009883,0.614030309990117,"softmax(Q)",0.5862
7,0.68,50,0.0659696900098826,0.745969690009883,0.614030309990117,"softmax(Q * gaze)",0.5774
7,0.68,50,0.0659696900098826,0.745969690009883,0.614030309990117,"softmax(Q) * gaze",0.5662
7,0.68,50,0.0659696900098826,0.745969690009883,0.614030309990117,"softmax(Q) + gaze",0.5938
8,0.68,50,0.0659696900098826,0.745969690009883,0.614030309990117,"Q",0.6194
8,0.68,50,0.0659696900098826,0.745969690009883,0.614030309990117,"Q * gaze",0.5946
8,0.68,50,0.0659696900098826,0.745969690009883,0.614030309990117,"Q + gaze",0.6266
8,0.68,50,0.0659696900098826,0.745969690009883,0.614030309990117,"softmax(Q)",0.619
8,0.68,50,0.0659696900098826,0.745969690009883,0.614030309990117,"softmax(Q * gaze)",0.678
8,0.68,50,0.0659696900098826,0.745969690009883,0.614030309990117,"softmax(Q) * gaze",0.6088
8,0.68,50,0.0659696900098826,0.745969690009883,0.614030309990117,"softmax(Q) + gaze",0.6456
9,0.7,50,0.0648074069840786,0.764807406984079,0.635192593015921,"Q",0.6294
9,0.7,50,0.0648074069840786,0.764807406984079,0.635192593015921,"Q * gaze",0.5586
9,0.7,50,0.0648074069840786,0.764807406984079,0.635192593015921,"Q + gaze",0.6092
9,0.7,50,0.0648074069840786,0.764807406984079,0.635192593015921,"softmax(Q)",0.6462
9,0.7,50,0.0648074069840786,0.764807406984079,0.635192593015921,"softmax(Q * gaze)",0.6344
9,0.7,50,0.0648074069840786,0.764807406984079,0.635192593015921,"softmax(Q) * gaze",0.5976
9,0.7,50,0.0648074069840786,0.764807406984079,0.635192593015921,"softmax(Q) + gaze",0.643
10,0.8,50,0.0565685424949238,0.856568542494924,0.743431457505076,"Q",0.6506
10,0.8,50,0.0565685424949238,0.856568542494924,0.743431457505076,"Q * gaze",0.6292
10,0.8,50,0.0565685424949238,0.856568542494924,0.743431457505076,"Q + gaze",0.6798
10,0.8,50,0.0565685424949238,0.856568542494924,0.743431457505076,"softmax(Q)",0.6834
10,0.8,50,0.0565685424949238,0.856568542494924,0.743431457505076,"softmax(Q * gaze)",0.7146
10,0.8,50,0.0565685424949238,0.856568542494924,0.743431457505076,"softmax(Q) * gaze",0.6826
10,0.8,50,0.0565685424949238,0.856568542494924,0.743431457505076,"softmax(Q) + gaze",0.722
11,0.78,50,0.0585832740635072,0.838583274063507,0.721416725936493,"Q",0.6344
11,0.78,50,0.0585832740635072,0.838583274063507,0.721416725936493,"Q * gaze",0.5568
11,0.78,50,0.0585832740635072,0.838583274063507,0.721416725936493,"Q + gaze",0.6146
11,0.78,50,0.0585832740635072,0.838583274063507,0.721416725936493,"softmax(Q)",0.6254
11,0.78,50,0.0585832740635072,0.838583274063507,0.721416725936493,"softmax(Q * gaze)",0.6308
11,0.78,50,0.0585832740635072,0.838583274063507,0.721416725936493,"softmax(Q) * gaze",0.5982
11,0.78,50,0.0585832740635072,0.838583274063507,0.721416725936493,"softmax(Q) + gaze",0.6394
12,0.8,50,0.0565685424949238,0.856568542494924,0.743431457505076,"Q",0.6442
12,0.8,50,0.0565685424949238,0.856568542494924,0.743431457505076,"Q * gaze",0.572
12,0.8,50,0.0565685424949238,0.856568542494924,0.743431457505076,"Q + gaze",0.6158
12,0.8,50,0.0565685424949238,0.856568542494924,0.743431457505076,"softmax(Q)",0.6846
12,0.8,50,0.0565685424949238,0.856568542494924,0.743431457505076,"softmax(Q * gaze)",0.632
12,0.8,50,0.0565685424949238,0.856568542494924,0.743431457505076,"softmax(Q) * gaze",0.6096
12,0.8,50,0.0565685424949238,0.856568542494924,0.743431457505076,"softmax(Q) + gaze",0.6774
13,0.82,50,0.0543323108288245,0.874332310828824,0.765667689171175,"Q",0.6304
13,0.82,50,0.0543323108288245,0.874332310828824,0.765667689171175,"Q * gaze",0.6188
13,0.82,50,0.0543323108288245,0.874332310828824,0.765667689171175,"Q + gaze",0.6616
13,0.82,50,0.0543323108288245,0.874332310828824,0.765667689171175,"softmax(Q)",0.6778
13,0.82,50,0.0543323108288245,0.874332310828824,0.765667689171175,"softmax(Q * gaze)",0.7346
13,0.82,50,0.0543323108288245,0.874332310828824,0.765667689171175,"softmax(Q) * gaze",0.642
13,0.82,50,0.0543323108288245,0.874332310828824,0.765667689171175,"softmax(Q) + gaze",0.6902
14,0.62,50,0.068644009206922,0.688644009206922,0.551355990793078,"Q",0.6408
14,0.62,50,0.068644009206922,0.688644009206922,0.551355990793078,"Q * gaze",0.6266
14,0.62,50,0.068644009206922,0.688644009206922,0.551355990793078,"Q + gaze",0.6728
14,0.62,50,0.068644009206922,0.688644009206922,0.551355990793078,"softmax(Q)",0.6814
14,0.62,50,0.068644009206922,0.688644009206922,0.551355990793078,"softmax(Q * gaze)",0.6724
14,0.62,50,0.068644009206922,0.688644009206922,0.551355990793078,"softmax(Q) * gaze",0.6558
14,0.62,50,0.068644009206922,0.688644009206922,0.551355990793078,"softmax(Q) + gaze",0.695
15,0.86,50,0.0490713765855412,0.909071376585541,0.810928623414459,"Q",0.654
15,0.86,50,0.0490713765855412,0.909071376585541,0.810928623414459,"Q * gaze",0.5874
15,0.86,50,0.0490713765855412,0.909071376585541,0.810928623414459,"Q + gaze",0.6558
15,0.86,50,0.0490713765855412,0.909071376585541,0.810928623414459,"softmax(Q)",0.6922
15,0.86,50,0.0490713765855412,0.909071376585541,0.810928623414459,"softmax(Q * gaze)",0.703
15,0.86,50,0.0490713765855412,0.909071376585541,0.810928623414459,"softmax(Q) * gaze",0.6422
15,0.86,50,0.0490713765855412,0.909071376585541,0.810928623414459,"softmax(Q) + gaze",0.7124
16,0.76,50,0.060398675482166,0.820398675482166,0.699601324517834,"Q",0.6462
16,0.76,50,0.060398675482166,0.820398675482166,0.699601324517834,"Q * gaze",0.6414
16,0.76,50,0.060398675482166,0.820398675482166,0.699601324517834,"Q + gaze",0.6826
16,0.76,50,0.060398675482166,0.820398675482166,0.699601324517834,"softmax(Q)",0.6782
16,0.76,50,0.060398675482166,0.820398675482166,0.699601324517834,"softmax(Q * gaze)",0.7848
16,0.76,50,0.060398675482166,0.820398675482166,0.699601324517834,"softmax(Q) * gaze",0.6778
16,0.76,50,0.060398675482166,0.820398675482166,0.699601324517834,"softmax(Q) + gaze",0.718
17,0.72,50,0.0634980314655502,0.78349803146555,0.65650196853445,"Q",0.6738
17,0.72,50,0.0634980314655502,0.78349803146555,0.65650196853445,"Q * gaze",0.6374
17,0.72,50,0.0634980314655502,0.78349803146555,0.65650196853445,"Q + gaze",0.6828
17,0.72,50,0.0634980314655502,0.78349803146555,0.65650196853445,"softmax(Q)",0.6854
17,0.72,50,0.0634980314655502,0.78349803146555,0.65650196853445,"softmax(Q * gaze)",0.7568
17,0.72,50,0.0634980314655502,0.78349803146555,0.65650196853445,"softmax(Q) * gaze",0.678
17,0.72,50,0.0634980314655502,0.78349803146555,0.65650196853445,"softmax(Q) + gaze",0.7268
18,0.76,50,0.060398675482166,0.820398675482166,0.699601324517834,"Q",0.6686
18,0.76,50,0.060398675482166,0.820398675482166,0.699601324517834,"Q * gaze",0.578
18,0.76,50,0.060398675482166,0.820398675482166,0.699601324517834,"Q + gaze",0.6386
18,0.76,50,0.060398675482166,0.820398675482166,0.699601324517834,"softmax(Q)",0.6844
18,0.76,50,0.060398675482166,0.820398675482166,0.699601324517834,"softmax(Q * gaze)",0.645
18,0.76,50,0.060398675482166,0.820398675482166,0.699601324517834,"softmax(Q) * gaze",0.627
18,0.76,50,0.060398675482166,0.820398675482166,0.699601324517834,"softmax(Q) + gaze",0.6834
19,0.74,50,0.0620322496770833,0.802032249677083,0.677967750322917,"Q",0.6916
19,0.74,50,0.0620322496770833,0.802032249677083,0.677967750322917,"Q * gaze",0.6308
19,0.74,50,0.0620322496770833,0.802032249677083,0.677967750322917,"Q + gaze",0.689
19,0.74,50,0.0620322496770833,0.802032249677083,0.677967750322917,"softmax(Q)",0.722
19,0.74,50,0.0620322496770833,0.802032249677083,0.677967750322917,"softmax(Q * gaze)",0.782
19,0.74,50,0.0620322496770833,0.802032249677083,0.677967750322917,"softmax(Q) * gaze",0.6674
19,0.74,50,0.0620322496770833,0.802032249677083,0.677967750322917,"softmax(Q) + gaze",0.7304
20,0.84,50,0.0518459255872629,0.891845925587263,0.788154074412737,"Q",0.693
20,0.84,50,0.0518459255872629,0.891845925587263,0.788154074412737,"Q * gaze",0.6692
20,0.84,50,0.0518459255872629,0.891845925587263,0.788154074412737,"Q + gaze",0.7222
20,0.84,50,0.0518459255872629,0.891845925587263,0.788154074412737,"softmax(Q)",0.7168
20,0.84,50,0.0518459255872629,0.891845925587263,0.788154074412737,"softmax(Q * gaze)",0.7956
20,0.84,50,0.0518459255872629,0.891845925587263,0.788154074412737,"softmax(Q) * gaze",0.7126
20,0.84,50,0.0518459255872629,0.891845925587263,0.788154074412737,"softmax(Q) + gaze",0.7534
21,0.68,50,0.0659696900098826,0.745969690009883,0.614030309990117,"Q",0.6888
21,0.68,50,0.0659696900098826,0.745969690009883,0.614030309990117,"Q * gaze",0.5954
21,0.68,50,0.0659696900098826,0.745969690009883,0.614030309990117,"Q + gaze",0.6682
21,0.68,50,0.0659696900098826,0.745969690009883,0.614030309990117,"softmax(Q)",0.7346
21,0.68,50,0.0659696900098826,0.745969690009883,0.614030309990117,"softmax(Q * gaze)",0.7074
21,0.68,50,0.0659696900098826,0.745969690009883,0.614030309990117,"softmax(Q) * gaze",0.6376
21,0.68,50,0.0659696900098826,0.745969690009883,0.614030309990117,"softmax(Q) + gaze",0.6978
22,0.76,50,0.060398675482166,0.820398675482166,0.699601324517834,"Q",0.6756
22,0.76,50,0.060398675482166,0.820398675482166,0.699601324517834,"Q * gaze",0.614
22,0.76,50,0.060398675482166,0.820398675482166,0.699601324517834,"Q + gaze",0.6686
22,0.76,50,0.060398675482166,0.820398675482166,0.699601324517834,"softmax(Q)",0.7084
22,0.76,50,0.060398675482166,0.820398675482166,0.699601324517834,"softmax(Q * gaze)",0.666
22,0.76,50,0.060398675482166,0.820398675482166,0.699601324517834,"softmax(Q) * gaze",0.6458
22,0.76,50,0.060398675482166,0.820398675482166,0.699601324517834,"softmax(Q) + gaze",0.733
23,0.8,50,0.0565685424949238,0.856568542494924,0.743431457505076,"Q",0.6998
23,0.8,50,0.0565685424949238,0.856568542494924,0.743431457505076,"Q * gaze",0.676
23,0.8,50,0.0565685424949238,0.856568542494924,0.743431457505076,"Q + gaze",0.7144
23,0.8,50,0.0565685424949238,0.856568542494924,0.743431457505076,"softmax(Q)",0.721
23,0.8,50,0.0565685424949238,0.856568542494924,0.743431457505076,"softmax(Q * gaze)",0.789
23,0.8,50,0.0565685424949238,0.856568542494924,0.743431457505076,"softmax(Q) * gaze",0.6894
23,0.8,50,0.0565685424949238,0.856568542494924,0.743431457505076,"softmax(Q) + gaze",0.751
24,0.76,50,0.060398675482166,0.820398675482166,0.699601324517834,"Q",0.6892
24,0.76,50,0.060398675482166,0.820398675482166,0.699601324517834,"Q * gaze",0.6778
24,0.76,50,0.060398675482166,0.820398675482166,0.699601324517834,"Q + gaze",0.72
24,0.76,50,0.060398675482166,0.820398675482166,0.699601324517834,"softmax(Q)",0.7342
24,0.76,50,0.060398675482166,0.820398675482166,0.699601324517834,"softmax(Q * gaze)",0.7384
24,0.76,50,0.060398675482166,0.820398675482166,0.699601324517834,"softmax(Q) * gaze",0.7126
24,0.76,50,0.060398675482166,0.820398675482166,0.699601324517834,"softmax(Q) + gaze",0.7584
25,0.76,50,0.060398675482166,0.820398675482166,0.699601324517834,"Q",0.6994
25,0.76,50,0.060398675482166,0.820398675482166,0.699601324517834,"Q * gaze",0.6956
25,0.76,50,0.060398675482166,0.820398675482166,0.699601324517834,"Q + gaze",0.7314
25,0.76,50,0.060398675482166,0.820398675482166,0.699601324517834,"softmax(Q)",0.7218
25,0.76,50,0.060398675482166,0.820398675482166,0.699601324517834,"softmax(Q * gaze)",0.7902
25,0.76,50,0.060398675482166,0.820398675482166,0.699601324517834,"softmax(Q) * gaze",0.7356
25,0.76,50,0.060398675482166,0.820398675482166,0.699601324517834,"softmax(Q) + gaze",0.786
26,0.86,50,0.0490713765855412,0.909071376585541,0.810928623414459,"Q",0.711
26,0.86,50,0.0490713765855412,0.909071376585541,0.810928623414459,"Q * gaze",0.6616
26,0.86,50,0.0490713765855412,0.909071376585541,0.810928623414459,"Q + gaze",0.7094
26,0.86,50,0.0490713765855412,0.909071376585541,0.810928623414459,"softmax(Q)",0.741
26,0.86,50,0.0490713765855412,0.909071376585541,0.810928623414459,"softmax(Q * gaze)",0.7896
26,0.86,50,0.0490713765855412,0.909071376585541,0.810928623414459,"softmax(Q) * gaze",0.7024
26,0.86,50,0.0490713765855412,0.909071376585541,0.810928623414459,"softmax(Q) + gaze",0.7682
27,0.74,50,0.0620322496770833,0.802032249677083,0.677967750322917,"Q",0.717
27,0.74,50,0.0620322496770833,0.802032249677083,0.677967750322917,"Q * gaze",0.6946
27,0.74,50,0.0620322496770833,0.802032249677083,0.677967750322917,"Q + gaze",0.7246
27,0.74,50,0.0620322496770833,0.802032249677083,0.677967750322917,"softmax(Q)",0.756
27,0.74,50,0.0620322496770833,0.802032249677083,0.677967750322917,"softmax(Q * gaze)",0.7682
27,0.74,50,0.0620322496770833,0.802032249677083,0.677967750322917,"softmax(Q) * gaze",0.738
27,0.74,50,0.0620322496770833,0.802032249677083,0.677967750322917,"softmax(Q) + gaze",0.7966
28,0.82,50,0.0543323108288245,0.874332310828824,0.765667689171175,"Q",0.7002
28,0.82,50,0.0543323108288245,0.874332310828824,0.765667689171175,"Q * gaze",0.661
28,0.82,50,0.0543323108288245,0.874332310828824,0.765667689171175,"Q + gaze",0.7218
28,0.82,50,0.0543323108288245,0.874332310828824,0.765667689171175,"softmax(Q)",0.737
28,0.82,50,0.0543323108288245,0.874332310828824,0.765667689171175,"softmax(Q * gaze)",0.7656
28,0.82,50,0.0543323108288245,0.874332310828824,0.765667689171175,"softmax(Q) * gaze",0.701
28,0.82,50,0.0543323108288245,0.874332310828824,0.765667689171175,"softmax(Q) + gaze",0.7646
29,0.84,50,0.0518459255872629,0.891845925587263,0.788154074412737,"Q",0.733
29,0.84,50,0.0518459255872629,0.891845925587263,0.788154074412737,"Q * gaze",0.708
29,0.84,50,0.0518459255872629,0.891845925587263,0.788154074412737,"Q + gaze",0.762
29,0.84,50,0.0518459255872629,0.891845925587263,0.788154074412737,"softmax(Q)",0.7558
29,0.84,50,0.0518459255872629,0.891845925587263,0.788154074412737,"softmax(Q * gaze)",0.775
29,0.84,50,0.0518459255872629,0.891845925587263,0.788154074412737,"softmax(Q) * gaze",0.7548
29,0.84,50,0.0518459255872629,0.891845925587263,0.788154074412737,"softmax(Q) + gaze",0.7968
30,0.74,50,0.0620322496770833,0.802032249677083,0.677967750322917,"Q",0.724
30,0.74,50,0.0620322496770833,0.802032249677083,0.677967750322917,"Q * gaze",0.637
30,0.74,50,0.0620322496770833,0.802032249677083,0.677967750322917,"Q + gaze",0.721
30,0.74,50,0.0620322496770833,0.802032249677083,0.677967750322917,"softmax(Q)",0.7686
30,0.74,50,0.0620322496770833,0.802032249677083,0.677967750322917,"softmax(Q * gaze)",0.7604
30,0.74,50,0.0620322496770833,0.802032249677083,0.677967750322917,"softmax(Q) * gaze",0.7096
30,0.74,50,0.0620322496770833,0.802032249677083,0.677967750322917,"softmax(Q) + gaze",0.772
31,0.88,50,0.0459565011723042,0.925956501172304,0.834043498827696,"Q",0.7286
31,0.88,50,0.0459565011723042,0.925956501172304,0.834043498827696,"Q * gaze",0.672
31,0.88,50,0.0459565011723042,0.925956501172304,0.834043498827696,"Q + gaze",0.7386
31,0.88,50,0.0459565011723042,0.925956501172304,0.834043498827696,"softmax(Q)",0.7694
31,0.88,50,0.0459565011723042,0.925956501172304,0.834043498827696,"softmax(Q * gaze)",0.7494
31,0.88,50,0.0459565011723042,0.925956501172304,0.834043498827696,"softmax(Q) * gaze",0.706
31,0.88,50,0.0459565011723042,0.925956501172304,0.834043498827696,"softmax(Q) + gaze",0.8038
32,0.76,50,0.060398675482166,0.820398675482166,0.699601324517834,"Q",0.722
32,0.76,50,0.060398675482166,0.820398675482166,0.699601324517834,"Q * gaze",0.6238
32,0.76,50,0.060398675482166,0.820398675482166,0.699601324517834,"Q + gaze",0.7134
32,0.76,50,0.060398675482166,0.820398675482166,0.699601324517834,"softmax(Q)",0.7778
32,0.76,50,0.060398675482166,0.820398675482166,0.699601324517834,"softmax(Q * gaze)",0.7312
32,0.76,50,0.060398675482166,0.820398675482166,0.699601324517834,"softmax(Q) * gaze",0.6802
32,0.76,50,0.060398675482166,0.820398675482166,0.699601324517834,"softmax(Q) + gaze",0.772
33,0.78,50,0.0585832740635072,0.838583274063507,0.721416725936493,"Q",0.7014
33,0.78,50,0.0585832740635072,0.838583274063507,0.721416725936493,"Q * gaze",0.642
33,0.78,50,0.0585832740635072,0.838583274063507,0.721416725936493,"Q + gaze",0.6998
33,0.78,50,0.0585832740635072,0.838583274063507,0.721416725936493,"softmax(Q)",0.7728
33,0.78,50,0.0585832740635072,0.838583274063507,0.721416725936493,"softmax(Q * gaze)",0.7442
33,0.78,50,0.0585832740635072,0.838583274063507,0.721416725936493,"softmax(Q) * gaze",0.7042
33,0.78,50,0.0585832740635072,0.838583274063507,0.721416725936493,"softmax(Q) + gaze",0.7642
34,0.76,50,0.060398675482166,0.820398675482166,0.699601324517834,"Q",0.7266
34,0.76,50,0.060398675482166,0.820398675482166,0.699601324517834,"Q * gaze",0.674
34,0.76,50,0.060398675482166,0.820398675482166,0.699601324517834,"Q + gaze",0.7236
34,0.76,50,0.060398675482166,0.820398675482166,0.699601324517834,"softmax(Q)",0.7666
34,0.76,50,0.060398675482166,0.820398675482166,0.699601324517834,"softmax(Q * gaze)",0.7206
34,0.76,50,0.060398675482166,0.820398675482166,0.699601324517834,"softmax(Q) * gaze",0.7062
34,0.76,50,0.060398675482166,0.820398675482166,0.699601324517834,"softmax(Q) + gaze",0.757
35,0.82,50,0.0543323108288245,0.874332310828824,0.765667689171175,"Q",0.7184
35,0.82,50,0.0543323108288245,0.874332310828824,0.765667689171175,"Q * gaze",0.6898
35,0.82,50,0.0543323108288245,0.874332310828824,0.765667689171175,"Q + gaze",0.7396
35,0.82,50,0.0543323108288245,0.874332310828824,0.765667689171175,"softmax(Q)",0.7714
35,0.82,50,0.0543323108288245,0.874332310828824,0.765667689171175,"softmax(Q * gaze)",0.7504
35,0.82,50,0.0543323108288245,0.874332310828824,0.765667689171175,"softmax(Q) * gaze",0.7294
35,0.82,50,0.0543323108288245,0.874332310828824,0.765667689171175,"softmax(Q) + gaze",0.8018
36,0.84,50,0.0518459255872629,0.891845925587263,0.788154074412737,"Q",0.729
36,0.84,50,0.0518459255872629,0.891845925587263,0.788154074412737,"Q * gaze",0.724
36,0.84,50,0.0518459255872629,0.891845925587263,0.788154074412737,"Q + gaze",0.7672
36,0.84,50,0.0518459255872629,0.891845925587263,0.788154074412737,"softmax(Q)",0.786
36,0.84,50,0.0518459255872629,0.891845925587263,0.788154074412737,"softmax(Q * gaze)",0.8136
36,0.84,50,0.0518459255872629,0.891845925587263,0.788154074412737,"softmax(Q) * gaze",0.7678
36,0.84,50,0.0518459255872629,0.891845925587263,0.788154074412737,"softmax(Q) + gaze",0.8142
37,0.9,50,0.0424264068711928,0.942426406871193,0.857573593128807,"Q",0.7168
37,0.9,50,0.0424264068711928,0.942426406871193,0.857573593128807,"Q * gaze",0.6976
37,0.9,50,0.0424264068711928,0.942426406871193,0.857573593128807,"Q + gaze",0.7422
37,0.9,50,0.0424264068711928,0.942426406871193,0.857573593128807,"softmax(Q)",0.7816
37,0.9,50,0.0424264068711928,0.942426406871193,0.857573593128807,"softmax(Q * gaze)",0.793
37,0.9,50,0.0424264068711928,0.942426406871193,0.857573593128807,"softmax(Q) * gaze",0.7436
37,0.9,50,0.0424264068711928,0.942426406871193,0.857573593128807,"softmax(Q) + gaze",0.8034
38,0.9,50,0.0424264068711928,0.942426406871193,0.857573593128807,"Q",0.7282
38,0.9,50,0.0424264068711928,0.942426406871193,0.857573593128807,"Q * gaze",0.6734
38,0.9,50,0.0424264068711928,0.942426406871193,0.857573593128807,"Q + gaze",0.759
38,0.9,50,0.0424264068711928,0.942426406871193,0.857573593128807,"softmax(Q)",0.7878
38,0.9,50,0.0424264068711928,0.942426406871193,0.857573593128807,"softmax(Q * gaze)",0.7534
38,0.9,50,0.0424264068711928,0.942426406871193,0.857573593128807,"softmax(Q) * gaze",0.7368
38,0.9,50,0.0424264068711928,0.942426406871193,0.857573593128807,"softmax(Q) + gaze",0.8158
39,0.82,50,0.0543323108288245,0.874332310828824,0.765667689171175,"Q",0.7362
39,0.82,50,0.0543323108288245,0.874332310828824,0.765667689171175,"Q * gaze",0.659
39,0.82,50,0.0543323108288245,0.874332310828824,0.765667689171175,"Q + gaze",0.7278
39,0.82,50,0.0543323108288245,0.874332310828824,0.765667689171175,"softmax(Q)",0.7794
39,0.82,50,0.0543323108288245,0.874332310828824,0.765667689171175,"softmax(Q * gaze)",0.7786
39,0.82,50,0.0543323108288245,0.874332310828824,0.765667689171175,"softmax(Q) * gaze",0.7048
39,0.82,50,0.0543323108288245,0.874332310828824,0.765667689171175,"softmax(Q) + gaze",0.7606
40,0.74,50,0.0620322496770833,0.802032249677083,0.677967750322917,"Q",0.7204
40,0.74,50,0.0620322496770833,0.802032249677083,0.677967750322917,"Q * gaze",0.645
40,0.74,50,0.0620322496770833,0.802032249677083,0.677967750322917,"Q + gaze",0.7068
40,0.74,50,0.0620322496770833,0.802032249677083,0.677967750322917,"softmax(Q)",0.779
40,0.74,50,0.0620322496770833,0.802032249677083,0.677967750322917,"softmax(Q * gaze)",0.7556
40,0.74,50,0.0620322496770833,0.802032249677083,0.677967750322917,"softmax(Q) * gaze",0.6698
40,0.74,50,0.0620322496770833,0.802032249677083,0.677967750322917,"softmax(Q) + gaze",0.788
41,0.7,50,0.0648074069840786,0.764807406984079,0.635192593015921,"Q",0.7394
41,0.7,50,0.0648074069840786,0.764807406984079,0.635192593015921,"Q * gaze",0.6558
41,0.7,50,0.0648074069840786,0.764807406984079,0.635192593015921,"Q + gaze",0.75
41,0.7,50,0.0648074069840786,0.764807406984079,0.635192593015921,"softmax(Q)",0.805
41,0.7,50,0.0648074069840786,0.764807406984079,0.635192593015921,"softmax(Q * gaze)",0.7472
41,0.7,50,0.0648074069840786,0.764807406984079,0.635192593015921,"softmax(Q) * gaze",0.7198
41,0.7,50,0.0648074069840786,0.764807406984079,0.635192593015921,"softmax(Q) + gaze",0.8018
42,0.84,50,0.0518459255872629,0.891845925587263,0.788154074412737,"Q",0.771
42,0.84,50,0.0518459255872629,0.891845925587263,0.788154074412737,"Q * gaze",0.7256
42,0.84,50,0.0518459255872629,0.891845925587263,0.788154074412737,"Q + gaze",0.7746
42,0.84,50,0.0518459255872629,0.891845925587263,0.788154074412737,"softmax(Q)",0.8034
42,0.84,50,0.0518459255872629,0.891845925587263,0.788154074412737,"softmax(Q * gaze)",0.8056
42,0.84,50,0.0518459255872629,0.891845925587263,0.788154074412737,"softmax(Q) * gaze",0.7766
42,0.84,50,0.0518459255872629,0.891845925587263,0.788154074412737,"softmax(Q) + gaze",0.8312
43,0.8,50,0.0565685424949238,0.856568542494924,0.743431457505076,"Q",0.7448
43,0.8,50,0.0565685424949238,0.856568542494924,0.743431457505076,"Q * gaze",0.6826
43,0.8,50,0.0565685424949238,0.856568542494924,0.743431457505076,"Q + gaze",0.7464
43,0.8,50,0.0565685424949238,0.856568542494924,0.743431457505076,"softmax(Q)",0.8082
43,0.8,50,0.0565685424949238,0.856568542494924,0.743431457505076,"softmax(Q * gaze)",0.7384
43,0.8,50,0.0565685424949238,0.856568542494924,0.743431457505076,"softmax(Q) * gaze",0.7486
43,0.8,50,0.0565685424949238,0.856568542494924,0.743431457505076,"softmax(Q) + gaze",0.8212
44,0.88,50,0.0459565011723042,0.925956501172304,0.834043498827696,"Q",0.7408
44,0.88,50,0.0459565011723042,0.925956501172304,0.834043498827696,"Q * gaze",0.7332
44,0.88,50,0.0459565011723042,0.925956501172304,0.834043498827696,"Q + gaze",0.7614
44,0.88,50,0.0459565011723042,0.925956501172304,0.834043498827696,"softmax(Q)",0.799
44,0.88,50,0.0459565011723042,0.925956501172304,0.834043498827696,"softmax(Q * gaze)",0.8074
44,0.88,50,0.0459565011723042,0.925956501172304,0.834043498827696,"softmax(Q) * gaze",0.7616
44,0.88,50,0.0459565011723042,0.925956501172304,0.834043498827696,"softmax(Q) + gaze",0.8216
45,0.92,50,0.0383666521865017,0.958366652186502,0.881633347813498,"Q",0.7482
45,0.92,50,0.0383666521865017,0.958366652186502,0.881633347813498,"Q * gaze",0.7116
45,0.92,50,0.0383666521865017,0.958366652186502,0.881633347813498,"Q + gaze",0.7594
45,0.92,50,0.0383666521865017,0.958366652186502,0.881633347813498,"softmax(Q)",0.8106
45,0.92,50,0.0383666521865017,0.958366652186502,0.881633347813498,"softmax(Q * gaze)",0.7956
45,0.92,50,0.0383666521865017,0.958366652186502,0.881633347813498,"softmax(Q) * gaze",0.7376
45,0.92,50,0.0383666521865017,0.958366652186502,0.881633347813498,"softmax(Q) + gaze",0.8142
46,0.9,50,0.0424264068711928,0.942426406871193,0.857573593128807,"Q",0.756
46,0.9,50,0.0424264068711928,0.942426406871193,0.857573593128807,"Q * gaze",0.7154
46,0.9,50,0.0424264068711928,0.942426406871193,0.857573593128807,"Q + gaze",0.763
46,0.9,50,0.0424264068711928,0.942426406871193,0.857573593128807,"softmax(Q)",0.8122
46,0.9,50,0.0424264068711928,0.942426406871193,0.857573593128807,"softmax(Q * gaze)",0.8202
46,0.9,50,0.0424264068711928,0.942426406871193,0.857573593128807,"softmax(Q) * gaze",0.7548
46,0.9,50,0.0424264068711928,0.942426406871193,0.857573593128807,"softmax(Q) + gaze",0.8274
47,0.78,50,0.0585832740635072,0.838583274063507,0.721416725936493,"Q",0.7472
47,0.78,50,0.0585832740635072,0.838583274063507,0.721416725936493,"Q * gaze",0.6784
47,0.78,50,0.0585832740635072,0.838583274063507,0.721416725936493,"Q + gaze",0.7354
47,0.78,50,0.0585832740635072,0.838583274063507,0.721416725936493,"softmax(Q)",0.7876
47,0.78,50,0.0585832740635072,0.838583274063507,0.721416725936493,"softmax(Q * gaze)",0.7756
47,0.78,50,0.0585832740635072,0.838583274063507,0.721416725936493,"softmax(Q) * gaze",0.7312
47,0.78,50,0.0585832740635072,0.838583274063507,0.721416725936493,"softmax(Q) + gaze",0.7968
48,0.88,50,0.0459565011723042,0.925956501172304,0.834043498827696,"Q",0.7614
48,0.88,50,0.0459565011723042,0.925956501172304,0.834043498827696,"Q * gaze",0.755
48,0.88,50,0.0459565011723042,0.925956501172304,0.834043498827696,"Q + gaze",0.7918
48,0.88,50,0.0459565011723042,0.925956501172304,0.834043498827696,"softmax(Q)",0.8138
48,0.88,50,0.0459565011723042,0.925956501172304,0.834043498827696,"softmax(Q * gaze)",0.8062
48,0.88,50,0.0459565011723042,0.925956501172304,0.834043498827696,"softmax(Q) * gaze",0.7902
48,0.88,50,0.0459565011723042,0.925956501172304,0.834043498827696,"softmax(Q) + gaze",0.8276
49,0.86,50,0.0490713765855412,0.909071376585541,0.810928623414459,"Q",0.7442
49,0.86,50,0.0490713765855412,0.909071376585541,0.810928623414459,"Q * gaze",0.7226
49,0.86,50,0.0490713765855412,0.909071376585541,0.810928623414459,"Q + gaze",0.7688
49,0.86,50,0.0490713765855412,0.909071376585541,0.810928623414459,"softmax(Q)",0.7932
49,0.86,50,0.0490713765855412,0.909071376585541,0.810928623414459,"softmax(Q * gaze)",0.7696
49,0.86,50,0.0490713765855412,0.909071376585541,0.810928623414459,"softmax(Q) * gaze",0.7412
49,0.86,50,0.0490713765855412,0.909071376585541,0.810928623414459,"softmax(Q) + gaze",0.8054
50,0.72,50,0.0634980314655502,0.78349803146555,0.65650196853445,"Q",0.7438
50,0.72,50,0.0634980314655502,0.78349803146555,0.65650196853445,"Q * gaze",0.7022
50,0.72,50,0.0634980314655502,0.78349803146555,0.65650196853445,"Q + gaze",0.7668
50,0.72,50,0.0634980314655502,0.78349803146555,0.65650196853445,"softmax(Q)",0.8032
50,0.72,50,0.0634980314655502,0.78349803146555,0.65650196853445,"softmax(Q * gaze)",0.791
50,0.72,50,0.0634980314655502,0.78349803146555,0.65650196853445,"softmax(Q) * gaze",0.7302
50,0.72,50,0.0634980314655502,0.78349803146555,0.65650196853445,"softmax(Q) + gaze",0.7926
51,0.88,50,0.0459565011723042,0.925956501172304,0.834043498827696,"Q",0.7522
51,0.88,50,0.0459565011723042,0.925956501172304,0.834043498827696,"Q * gaze",0.6772
51,0.88,50,0.0459565011723042,0.925956501172304,0.834043498827696,"Q + gaze",0.748
51,0.88,50,0.0459565011723042,0.925956501172304,0.834043498827696,"softmax(Q)",0.8064
51,0.88,50,0.0459565011723042,0.925956501172304,0.834043498827696,"softmax(Q * gaze)",0.7524
51,0.88,50,0.0459565011723042,0.925956501172304,0.834043498827696,"softmax(Q) * gaze",0.7324
51,0.88,50,0.0459565011723042,0.925956501172304,0.834043498827696,"softmax(Q) + gaze",0.8116
52,0.9,50,0.0424264068711928,0.942426406871193,0.857573593128807,"Q",0.7626
52,0.9,50,0.0424264068711928,0.942426406871193,0.857573593128807,"Q * gaze",0.6804
52,0.9,50,0.0424264068711928,0.942426406871193,0.857573593128807,"Q + gaze",0.7542
52,0.9,50,0.0424264068711928,0.942426406871193,0.857573593128807,"softmax(Q)",0.8126
52,0.9,50,0.0424264068711928,0.942426406871193,0.857573593128807,"softmax(Q * gaze)",0.7952
52,0.9,50,0.0424264068711928,0.942426406871193,0.857573593128807,"softmax(Q) * gaze",0.7378
52,0.9,50,0.0424264068711928,0.942426406871193,0.857573593128807,"softmax(Q) + gaze",0.8122
53,0.86,50,0.0490713765855412,0.909071376585541,0.810928623414459,"Q",0.7444
53,0.86,50,0.0490713765855412,0.909071376585541,0.810928623414459,"Q * gaze",0.7062
53,0.86,50,0.0490713765855412,0.909071376585541,0.810928623414459,"Q + gaze",0.7706
53,0.86,50,0.0490713765855412,0.909071376585541,0.810928623414459,"softmax(Q)",0.8282
53,0.86,50,0.0490713765855412,0.909071376585541,0.810928623414459,"softmax(Q * gaze)",0.8124
53,0.86,50,0.0490713765855412,0.909071376585541,0.810928623414459,"softmax(Q) * gaze",0.76
53,0.86,50,0.0490713765855412,0.909071376585541,0.810928623414459,"softmax(Q) + gaze",0.806
54,0.84,50,0.0518459255872629,0.891845925587263,0.788154074412737,"Q",0.7574
54,0.84,50,0.0518459255872629,0.891845925587263,0.788154074412737,"Q * gaze",0.7046
54,0.84,50,0.0518459255872629,0.891845925587263,0.788154074412737,"Q + gaze",0.779
54,0.84,50,0.0518459255872629,0.891845925587263,0.788154074412737,"softmax(Q)",0.8164
54,0.84,50,0.0518459255872629,0.891845925587263,0.788154074412737,"softmax(Q * gaze)",0.7726
54,0.84,50,0.0518459255872629,0.891845925587263,0.788154074412737,"softmax(Q) * gaze",0.7506
54,0.84,50,0.0518459255872629,0.891845925587263,0.788154074412737,"softmax(Q) + gaze",0.8092
55,0.82,50,0.0543323108288245,0.874332310828824,0.765667689171175,"Q",0.7686
55,0.82,50,0.0543323108288245,0.874332310828824,0.765667689171175,"Q * gaze",0.7058
55,0.82,50,0.0543323108288245,0.874332310828824,0.765667689171175,"Q + gaze",0.772
55,0.82,50,0.0543323108288245,0.874332310828824,0.765667689171175,"softmax(Q)",0.8186
55,0.82,50,0.0543323108288245,0.874332310828824,0.765667689171175,"softmax(Q * gaze)",0.7832
55,0.82,50,0.0543323108288245,0.874332310828824,0.765667689171175,"softmax(Q) * gaze",0.7482
55,0.82,50,0.0543323108288245,0.874332310828824,0.765667689171175,"softmax(Q) + gaze",0.817
56,0.78,50,0.0585832740635072,0.838583274063507,0.721416725936493,"Q",0.7476
56,0.78,50,0.0585832740635072,0.838583274063507,0.721416725936493,"Q * gaze",0.6486
56,0.78,50,0.0585832740635072,0.838583274063507,0.721416725936493,"Q + gaze",0.7136
56,0.78,50,0.0585832740635072,0.838583274063507,0.721416725936493,"softmax(Q)",0.8192
56,0.78,50,0.0585832740635072,0.838583274063507,0.721416725936493,"softmax(Q * gaze)",0.706
56,0.78,50,0.0585832740635072,0.838583274063507,0.721416725936493,"softmax(Q) * gaze",0.7094
56,0.78,50,0.0585832740635072,0.838583274063507,0.721416725936493,"softmax(Q) + gaze",0.7776
57,0.9,50,0.0424264068711928,0.942426406871193,0.857573593128807,"Q",0.741
57,0.9,50,0.0424264068711928,0.942426406871193,0.857573593128807,"Q * gaze",0.7186
57,0.9,50,0.0424264068711928,0.942426406871193,0.857573593128807,"Q + gaze",0.7548
57,0.9,50,0.0424264068711928,0.942426406871193,0.857573593128807,"softmax(Q)",0.8272
57,0.9,50,0.0424264068711928,0.942426406871193,0.857573593128807,"softmax(Q * gaze)",0.8332
57,0.9,50,0.0424264068711928,0.942426406871193,0.857573593128807,"softmax(Q) * gaze",0.7706
57,0.9,50,0.0424264068711928,0.942426406871193,0.857573593128807,"softmax(Q) + gaze",0.834
58,0.94,50,0.0335857112474933,0.973585711247493,0.906414288752507,"Q",0.771
58,0.94,50,0.0335857112474933,0.973585711247493,0.906414288752507,"Q * gaze",0.7578
58,0.94,50,0.0335857112474933,0.973585711247493,0.906414288752507,"Q + gaze",0.79
58,0.94,50,0.0335857112474933,0.973585711247493,0.906414288752507,"softmax(Q)",0.837
58,0.94,50,0.0335857112474933,0.973585711247493,0.906414288752507,"softmax(Q * gaze)",0.809
58,0.94,50,0.0335857112474933,0.973585711247493,0.906414288752507,"softmax(Q) * gaze",0.7956
58,0.94,50,0.0335857112474933,0.973585711247493,0.906414288752507,"softmax(Q) + gaze",0.8474
59,0.84,50,0.0518459255872629,0.891845925587263,0.788154074412737,"Q",0.7636
59,0.84,50,0.0518459255872629,0.891845925587263,0.788154074412737,"Q * gaze",0.7056
59,0.84,50,0.0518459255872629,0.891845925587263,0.788154074412737,"Q + gaze",0.7824
59,0.84,50,0.0518459255872629,0.891845925587263,0.788154074412737,"softmax(Q)",0.8348
59,0.84,50,0.0518459255872629,0.891845925587263,0.788154074412737,"softmax(Q * gaze)",0.7394
59,0.84,50,0.0518459255872629,0.891845925587263,0.788154074412737,"softmax(Q) * gaze",0.7506
59,0.84,50,0.0518459255872629,0.891845925587263,0.788154074412737,"softmax(Q) + gaze",0.8466
60,0.88,50,0.0459565011723042,0.925956501172304,0.834043498827696,"Q",0.7566
60,0.88,50,0.0459565011723042,0.925956501172304,0.834043498827696,"Q * gaze",0.7048
60,0.88,50,0.0459565011723042,0.925956501172304,0.834043498827696,"Q + gaze",0.7714
60,0.88,50,0.0459565011723042,0.925956501172304,0.834043498827696,"softmax(Q)",0.8362
60,0.88,50,0.0459565011723042,0.925956501172304,0.834043498827696,"softmax(Q * gaze)",0.773
60,0.88,50,0.0459565011723042,0.925956501172304,0.834043498827696,"softmax(Q) * gaze",0.7662
60,0.88,50,0.0459565011723042,0.925956501172304,0.834043498827696,"softmax(Q) + gaze",0.8076
61,0.84,50,0.0518459255872629,0.891845925587263,0.788154074412737,"Q",0.7582
61,0.84,50,0.0518459255872629,0.891845925587263,0.788154074412737,"Q * gaze",0.7166
61,0.84,50,0.0518459255872629,0.891845925587263,0.788154074412737,"Q + gaze",0.7794
61,0.84,50,0.0518459255872629,0.891845925587263,0.788154074412737,"softmax(Q)",0.8358
61,0.84,50,0.0518459255872629,0.891845925587263,0.788154074412737,"softmax(Q * gaze)",0.767
61,0.84,50,0.0518459255872629,0.891845925587263,0.788154074412737,"softmax(Q) * gaze",0.7674
61,0.84,50,0.0518459255872629,0.891845925587263,0.788154074412737,"softmax(Q) + gaze",0.833
62,0.76,50,0.060398675482166,0.820398675482166,0.699601324517834,"Q",0.7736
62,0.76,50,0.060398675482166,0.820398675482166,0.699601324517834,"Q * gaze",0.6924
62,0.76,50,0.060398675482166,0.820398675482166,0.699601324517834,"Q + gaze",0.7652
62,0.76,50,0.060398675482166,0.820398675482166,0.699601324517834,"softmax(Q)",0.8254
62,0.76,50,0.060398675482166,0.820398675482166,0.699601324517834,"softmax(Q * gaze)",0.732
62,0.76,50,0.060398675482166,0.820398675482166,0.699601324517834,"softmax(Q) * gaze",0.762
62,0.76,50,0.060398675482166,0.820398675482166,0.699601324517834,"softmax(Q) + gaze",0.82
63,0.9,50,0.0424264068711928,0.942426406871193,0.857573593128807,"Q",0.7608
63,0.9,50,0.0424264068711928,0.942426406871193,0.857573593128807,"Q * gaze",0.7086
63,0.9,50,0.0424264068711928,0.942426406871193,0.857573593128807,"Q + gaze",0.7886
63,0.9,50,0.0424264068711928,0.942426406871193,0.857573593128807,"softmax(Q)",0.8366
63,0.9,50,0.0424264068711928,0.942426406871193,0.857573593128807,"softmax(Q * gaze)",0.7778
63,0.9,50,0.0424264068711928,0.942426406871193,0.857573593128807,"softmax(Q) * gaze",0.7642
63,0.9,50,0.0424264068711928,0.942426406871193,0.857573593128807,"softmax(Q) + gaze",0.8406
64,0.8,50,0.0565685424949238,0.856568542494924,0.743431457505076,"Q",0.772
64,0.8,50,0.0565685424949238,0.856568542494924,0.743431457505076,"Q * gaze",0.7158
64,0.8,50,0.0565685424949238,0.856568542494924,0.743431457505076,"Q + gaze",0.7802
64,0.8,50,0.0565685424949238,0.856568542494924,0.743431457505076,"softmax(Q)",0.8276
64,0.8,50,0.0565685424949238,0.856568542494924,0.743431457505076,"softmax(Q * gaze)",0.7678
64,0.8,50,0.0565685424949238,0.856568542494924,0.743431457505076,"softmax(Q) * gaze",0.7644
64,0.8,50,0.0565685424949238,0.856568542494924,0.743431457505076,"softmax(Q) + gaze",0.8284
65,0.82,50,0.0543323108288245,0.874332310828824,0.765667689171175,"Q",0.7828
65,0.82,50,0.0543323108288245,0.874332310828824,0.765667689171175,"Q * gaze",0.7344
65,0.82,50,0.0543323108288245,0.874332310828824,0.765667689171175,"Q + gaze",0.8004
65,0.82,50,0.0543323108288245,0.874332310828824,0.765667689171175,"softmax(Q)",0.851999999999999
65,0.82,50,0.0543323108288245,0.874332310828824,0.765667689171175,"softmax(Q * gaze)",0.8266
65,0.82,50,0.0543323108288245,0.874332310828824,0.765667689171175,"softmax(Q) * gaze",0.798
65,0.82,50,0.0543323108288245,0.874332310828824,0.765667689171175,"softmax(Q) + gaze",0.8634
66,0.86,50,0.0490713765855412,0.909071376585541,0.810928623414459,"Q",0.7772
66,0.86,50,0.0490713765855412,0.909071376585541,0.810928623414459,"Q * gaze",0.7488
66,0.86,50,0.0490713765855412,0.909071376585541,0.810928623414459,"Q + gaze",0.8056
66,0.86,50,0.0490713765855412,0.909071376585541,0.810928623414459,"softmax(Q)",0.8368
66,0.86,50,0.0490713765855412,0.909071376585541,0.810928623414459,"softmax(Q * gaze)",0.8028
66,0.86,50,0.0490713765855412,0.909071376585541,0.810928623414459,"softmax(Q) * gaze",0.7778
66,0.86,50,0.0490713765855412,0.909071376585541,0.810928623414459,"softmax(Q) + gaze",0.8546
67,0.88,50,0.0459565011723042,0.925956501172304,0.834043498827696,"Q",0.7678
67,0.88,50,0.0459565011723042,0.925956501172304,0.834043498827696,"Q * gaze",0.7366
67,0.88,50,0.0459565011723042,0.925956501172304,0.834043498827696,"Q + gaze",0.781
67,0.88,50,0.0459565011723042,0.925956501172304,0.834043498827696,"softmax(Q)",0.8416
67,0.88,50,0.0459565011723042,0.925956501172304,0.834043498827696,"softmax(Q * gaze)",0.786
67,0.88,50,0.0459565011723042,0.925956501172304,0.834043498827696,"softmax(Q) * gaze",0.7638
67,0.88,50,0.0459565011723042,0.925956501172304,0.834043498827696,"softmax(Q) + gaze",0.8352
68,0.92,50,0.0383666521865017,0.958366652186502,0.881633347813498,"Q",0.775
68,0.92,50,0.0383666521865017,0.958366652186502,0.881633347813498,"Q * gaze",0.7266
68,0.92,50,0.0383666521865017,0.958366652186502,0.881633347813498,"Q + gaze",0.791
68,0.92,50,0.0383666521865017,0.958366652186502,0.881633347813498,"softmax(Q)",0.8482
68,0.92,50,0.0383666521865017,0.958366652186502,0.881633347813498,"softmax(Q * gaze)",0.7806
68,0.92,50,0.0383666521865017,0.958366652186502,0.881633347813498,"softmax(Q) * gaze",0.7736
68,0.92,50,0.0383666521865017,0.958366652186502,0.881633347813498,"softmax(Q) + gaze",0.8606
69,0.82,50,0.0543323108288245,0.874332310828824,0.765667689171175,"Q",0.7922
69,0.82,50,0.0543323108288245,0.874332310828824,0.765667689171175,"Q * gaze",0.75
69,0.82,50,0.0543323108288245,0.874332310828824,0.765667689171175,"Q + gaze",0.7924
69,0.82,50,0.0543323108288245,0.874332310828824,0.765667689171175,"softmax(Q)",0.8478
69,0.82,50,0.0543323108288245,0.874332310828824,0.765667689171175,"softmax(Q * gaze)",0.8098
69,0.82,50,0.0543323108288245,0.874332310828824,0.765667689171175,"softmax(Q) * gaze",0.7846
69,0.82,50,0.0543323108288245,0.874332310828824,0.765667689171175,"softmax(Q) + gaze",0.8428
70,0.86,50,0.0490713765855412,0.909071376585541,0.810928623414459,"Q",0.7992
70,0.86,50,0.0490713765855412,0.909071376585541,0.810928623414459,"Q * gaze",0.759
70,0.86,50,0.0490713765855412,0.909071376585541,0.810928623414459,"Q + gaze",0.7942
70,0.86,50,0.0490713765855412,0.909071376585541,0.810928623414459,"softmax(Q)",0.8504
70,0.86,50,0.0490713765855412,0.909071376585541,0.810928623414459,"softmax(Q * gaze)",0.7772
70,0.86,50,0.0490713765855412,0.909071376585541,0.810928623414459,"softmax(Q) * gaze",0.7884
70,0.86,50,0.0490713765855412,0.909071376585541,0.810928623414459,"softmax(Q) + gaze",0.8368
71,0.84,50,0.0518459255872629,0.891845925587263,0.788154074412737,"Q",0.7782
71,0.84,50,0.0518459255872629,0.891845925587263,0.788154074412737,"Q * gaze",0.7336
71,0.84,50,0.0518459255872629,0.891845925587263,0.788154074412737,"Q + gaze",0.805
71,0.84,50,0.0518459255872629,0.891845925587263,0.788154074412737,"softmax(Q)",0.8176
71,0.84,50,0.0518459255872629,0.891845925587263,0.788154074412737,"softmax(Q * gaze)",0.7578
71,0.84,50,0.0518459255872629,0.891845925587263,0.788154074412737,"softmax(Q) * gaze",0.761
71,0.84,50,0.0518459255872629,0.891845925587263,0.788154074412737,"softmax(Q) + gaze",0.8486
72,0.86,50,0.0490713765855412,0.909071376585541,0.810928623414459,"Q",0.7736
72,0.86,50,0.0490713765855412,0.909071376585541,0.810928623414459,"Q * gaze",0.6888
72,0.86,50,0.0490713765855412,0.909071376585541,0.810928623414459,"Q + gaze",0.7406
72,0.86,50,0.0490713765855412,0.909071376585541,0.810928623414459,"softmax(Q)",0.8632
72,0.86,50,0.0490713765855412,0.909071376585541,0.810928623414459,"softmax(Q * gaze)",0.7596
72,0.86,50,0.0490713765855412,0.909071376585541,0.810928623414459,"softmax(Q) * gaze",0.7306
72,0.86,50,0.0490713765855412,0.909071376585541,0.810928623414459,"softmax(Q) + gaze",0.8214
73,0.88,50,0.0459565011723042,0.925956501172304,0.834043498827696,"Q",0.78
73,0.88,50,0.0459565011723042,0.925956501172304,0.834043498827696,"Q * gaze",0.7158
73,0.88,50,0.0459565011723042,0.925956501172304,0.834043498827696,"Q + gaze",0.7782
73,0.88,50,0.0459565011723042,0.925956501172304,0.834043498827696,"softmax(Q)",0.8298
73,0.88,50,0.0459565011723042,0.925956501172304,0.834043498827696,"softmax(Q * gaze)",0.7524
73,0.88,50,0.0459565011723042,0.925956501172304,0.834043498827696,"softmax(Q) * gaze",0.7734
73,0.88,50,0.0459565011723042,0.925956501172304,0.834043498827696,"softmax(Q) + gaze",0.8412
74,0.84,50,0.0518459255872629,0.891845925587263,0.788154074412737,"Q",0.7778
74,0.84,50,0.0518459255872629,0.891845925587263,0.788154074412737,"Q * gaze",0.7184
74,0.84,50,0.0518459255872629,0.891845925587263,0.788154074412737,"Q + gaze",0.775
74,0.84,50,0.0518459255872629,0.891845925587263,0.788154074412737,"softmax(Q)",0.849
74,0.84,50,0.0518459255872629,0.891845925587263,0.788154074412737,"softmax(Q * gaze)",0.7562
74,0.84,50,0.0518459255872629,0.891845925587263,0.788154074412737,"softmax(Q) * gaze",0.7544
74,0.84,50,0.0518459255872629,0.891845925587263,0.788154074412737,"softmax(Q) + gaze",0.8324
75,0.88,50,0.0459565011723042,0.925956501172304,0.834043498827696,"Q",0.7816
75,0.88,50,0.0459565011723042,0.925956501172304,0.834043498827696,"Q * gaze",0.6848
75,0.88,50,0.0459565011723042,0.925956501172304,0.834043498827696,"Q + gaze",0.7696
75,0.88,50,0.0459565011723042,0.925956501172304,0.834043498827696,"softmax(Q)",0.8562
75,0.88,50,0.0459565011723042,0.925956501172304,0.834043498827696,"softmax(Q * gaze)",0.7224
75,0.88,50,0.0459565011723042,0.925956501172304,0.834043498827696,"softmax(Q) * gaze",0.749
75,0.88,50,0.0459565011723042,0.925956501172304,0.834043498827696,"softmax(Q) + gaze",0.8364
76,0.96,50,0.027712812921102,0.987712812921102,0.932287187078898,"Q",0.7852
76,0.96,50,0.027712812921102,0.987712812921102,0.932287187078898,"Q * gaze",0.7478
76,0.96,50,0.027712812921102,0.987712812921102,0.932287187078898,"Q + gaze",0.7976
76,0.96,50,0.027712812921102,0.987712812921102,0.932287187078898,"softmax(Q)",0.8638
76,0.96,50,0.027712812921102,0.987712812921102,0.932287187078898,"softmax(Q * gaze)",0.7978
76,0.96,50,0.027712812921102,0.987712812921102,0.932287187078898,"softmax(Q) * gaze",0.7858
76,0.96,50,0.027712812921102,0.987712812921102,0.932287187078898,"softmax(Q) + gaze",0.8618
77,0.8,50,0.0565685424949238,0.856568542494924,0.743431457505076,"Q",0.7832
77,0.8,50,0.0565685424949238,0.856568542494924,0.743431457505076,"Q * gaze",0.703
77,0.8,50,0.0565685424949238,0.856568542494924,0.743431457505076,"Q + gaze",0.7776
77,0.8,50,0.0565685424949238,0.856568542494924,0.743431457505076,"softmax(Q)",0.8572
77,0.8,50,0.0565685424949238,0.856568542494924,0.743431457505076,"softmax(Q * gaze)",0.7582
77,0.8,50,0.0565685424949238,0.856568542494924,0.743431457505076,"softmax(Q) * gaze",0.7654
77,0.8,50,0.0565685424949238,0.856568542494924,0.743431457505076,"softmax(Q) + gaze",0.8396
78,0.86,50,0.0490713765855412,0.909071376585541,0.810928623414459,"Q",0.7976
78,0.86,50,0.0490713765855412,0.909071376585541,0.810928623414459,"Q * gaze",0.7258
78,0.86,50,0.0490713765855412,0.909071376585541,0.810928623414459,"Q + gaze",0.7996
78,0.86,50,0.0490713765855412,0.909071376585541,0.810928623414459,"softmax(Q)",0.862
78,0.86,50,0.0490713765855412,0.909071376585541,0.810928623414459,"softmax(Q * gaze)",0.7938
78,0.86,50,0.0490713765855412,0.909071376585541,0.810928623414459,"softmax(Q) * gaze",0.7736
78,0.86,50,0.0490713765855412,0.909071376585541,0.810928623414459,"softmax(Q) + gaze",0.8714
79,0.88,50,0.0459565011723042,0.925956501172304,0.834043498827696,"Q",0.7838
79,0.88,50,0.0459565011723042,0.925956501172304,0.834043498827696,"Q * gaze",0.6938
79,0.88,50,0.0459565011723042,0.925956501172304,0.834043498827696,"Q + gaze",0.7546
79,0.88,50,0.0459565011723042,0.925956501172304,0.834043498827696,"softmax(Q)",0.8516
79,0.88,50,0.0459565011723042,0.925956501172304,0.834043498827696,"softmax(Q * gaze)",0.7462
79,0.88,50,0.0459565011723042,0.925956501172304,0.834043498827696,"softmax(Q) * gaze",0.7394
79,0.88,50,0.0459565011723042,0.925956501172304,0.834043498827696,"softmax(Q) + gaze",0.827
80,0.86,50,0.0490713765855412,0.909071376585541,0.810928623414459,"Q",0.7838
80,0.86,50,0.0490713765855412,0.909071376585541,0.810928623414459,"Q * gaze",0.722
80,0.86,50,0.0490713765855412,0.909071376585541,0.810928623414459,"Q + gaze",0.7974
80,0.86,50,0.0490713765855412,0.909071376585541,0.810928623414459,"softmax(Q)",0.857
80,0.86,50,0.0490713765855412,0.909071376585541,0.810928623414459,"softmax(Q * gaze)",0.7398
80,0.86,50,0.0490713765855412,0.909071376585541,0.810928623414459,"softmax(Q) * gaze",0.7622
80,0.86,50,0.0490713765855412,0.909071376585541,0.810928623414459,"softmax(Q) + gaze",0.8612
81,0.82,50,0.0543323108288245,0.874332310828824,0.765667689171175,"Q",0.7716
81,0.82,50,0.0543323108288245,0.874332310828824,0.765667689171175,"Q * gaze",0.6704
81,0.82,50,0.0543323108288245,0.874332310828824,0.765667689171175,"Q + gaze",0.7282
81,0.82,50,0.0543323108288245,0.874332310828824,0.765667689171175,"softmax(Q)",0.8386
81,0.82,50,0.0543323108288245,0.874332310828824,0.765667689171175,"softmax(Q * gaze)",0.6854
81,0.82,50,0.0543323108288245,0.874332310828824,0.765667689171175,"softmax(Q) * gaze",0.6858
81,0.82,50,0.0543323108288245,0.874332310828824,0.765667689171175,"softmax(Q) + gaze",0.7942
82,0.86,50,0.0490713765855412,0.909071376585541,0.810928623414459,"Q",0.778
82,0.86,50,0.0490713765855412,0.909071376585541,0.810928623414459,"Q * gaze",0.7498
82,0.86,50,0.0490713765855412,0.909071376585541,0.810928623414459,"Q + gaze",0.779
82,0.86,50,0.0490713765855412,0.909071376585541,0.810928623414459,"softmax(Q)",0.8716
82,0.86,50,0.0490713765855412,0.909071376585541,0.810928623414459,"softmax(Q * gaze)",0.8048
82,0.86,50,0.0490713765855412,0.909071376585541,0.810928623414459,"softmax(Q) * gaze",0.7836
82,0.86,50,0.0490713765855412,0.909071376585541,0.810928623414459,"softmax(Q) + gaze",0.8546
83,0.84,50,0.0518459255872629,0.891845925587263,0.788154074412737,"Q",0.7776
83,0.84,50,0.0518459255872629,0.891845925587263,0.788154074412737,"Q * gaze",0.706
83,0.84,50,0.0518459255872629,0.891845925587263,0.788154074412737,"Q + gaze",0.7806
83,0.84,50,0.0518459255872629,0.891845925587263,0.788154074412737,"softmax(Q)",0.8412
83,0.84,50,0.0518459255872629,0.891845925587263,0.788154074412737,"softmax(Q * gaze)",0.7236
83,0.84,50,0.0518459255872629,0.891845925587263,0.788154074412737,"softmax(Q) * gaze",0.7388
83,0.84,50,0.0518459255872629,0.891845925587263,0.788154074412737,"softmax(Q) + gaze",0.8332
84,0.92,50,0.0383666521865017,0.958366652186502,0.881633347813498,"Q",0.7782
84,0.92,50,0.0383666521865017,0.958366652186502,0.881633347813498,"Q * gaze",0.7948
84,0.92,50,0.0383666521865017,0.958366652186502,0.881633347813498,"Q + gaze",0.8154
84,0.92,50,0.0383666521865017,0.958366652186502,0.881633347813498,"softmax(Q)",0.8598
84,0.92,50,0.0383666521865017,0.958366652186502,0.881633347813498,"softmax(Q * gaze)",0.8174
84,0.92,50,0.0383666521865017,0.958366652186502,0.881633347813498,"softmax(Q) * gaze",0.8174
84,0.92,50,0.0383666521865017,0.958366652186502,0.881633347813498,"softmax(Q) + gaze",0.8708
85,0.88,50,0.0459565011723042,0.925956501172304,0.834043498827696,"Q",0.775
85,0.88,50,0.0459565011723042,0.925956501172304,0.834043498827696,"Q * gaze",0.7252
85,0.88,50,0.0459565011723042,0.925956501172304,0.834043498827696,"Q + gaze",0.7768
85,0.88,50,0.0459565011723042,0.925956501172304,0.834043498827696,"softmax(Q)",0.8582
85,0.88,50,0.0459565011723042,0.925956501172304,0.834043498827696,"softmax(Q * gaze)",0.7816
85,0.88,50,0.0459565011723042,0.925956501172304,0.834043498827696,"softmax(Q) * gaze",0.7776
85,0.88,50,0.0459565011723042,0.925956501172304,0.834043498827696,"softmax(Q) + gaze",0.8582
86,0.88,50,0.0459565011723042,0.925956501172304,0.834043498827696,"Q",0.773
86,0.88,50,0.0459565011723042,0.925956501172304,0.834043498827696,"Q * gaze",0.6886
86,0.88,50,0.0459565011723042,0.925956501172304,0.834043498827696,"Q + gaze",0.757
86,0.88,50,0.0459565011723042,0.925956501172304,0.834043498827696,"softmax(Q)",0.8448
86,0.88,50,0.0459565011723042,0.925956501172304,0.834043498827696,"softmax(Q * gaze)",0.7106
86,0.88,50,0.0459565011723042,0.925956501172304,0.834043498827696,"softmax(Q) * gaze",0.7248
86,0.88,50,0.0459565011723042,0.925956501172304,0.834043498827696,"softmax(Q) + gaze",0.8314
87,0.82,50,0.0543323108288245,0.874332310828824,0.765667689171175,"Q",0.7748
87,0.82,50,0.0543323108288245,0.874332310828824,0.765667689171175,"Q * gaze",0.701
87,0.82,50,0.0543323108288245,0.874332310828824,0.765667689171175,"Q + gaze",0.7802
87,0.82,50,0.0543323108288245,0.874332310828824,0.765667689171175,"softmax(Q)",0.8594
87,0.82,50,0.0543323108288245,0.874332310828824,0.765667689171175,"softmax(Q * gaze)",0.7558
87,0.82,50,0.0543323108288245,0.874332310828824,0.765667689171175,"softmax(Q) * gaze",0.743
87,0.82,50,0.0543323108288245,0.874332310828824,0.765667689171175,"softmax(Q) + gaze",0.8326
88,0.9,50,0.0424264068711928,0.942426406871193,0.857573593128807,"Q",0.7894
88,0.9,50,0.0424264068711928,0.942426406871193,0.857573593128807,"Q * gaze",0.7824
88,0.9,50,0.0424264068711928,0.942426406871193,0.857573593128807,"Q + gaze",0.817
88,0.9,50,0.0424264068711928,0.942426406871193,0.857573593128807,"softmax(Q)",0.8632
88,0.9,50,0.0424264068711928,0.942426406871193,0.857573593128807,"softmax(Q * gaze)",0.8262
88,0.9,50,0.0424264068711928,0.942426406871193,0.857573593128807,"softmax(Q) * gaze",0.824
88,0.9,50,0.0424264068711928,0.942426406871193,0.857573593128807,"softmax(Q) + gaze",0.8712
89,0.88,50,0.0459565011723042,0.925956501172304,0.834043498827696,"Q",0.7596
89,0.88,50,0.0459565011723042,0.925956501172304,0.834043498827696,"Q * gaze",0.7104
89,0.88,50,0.0459565011723042,0.925956501172304,0.834043498827696,"Q + gaze",0.7546
89,0.88,50,0.0459565011723042,0.925956501172304,0.834043498827696,"softmax(Q)",0.8564
89,0.88,50,0.0459565011723042,0.925956501172304,0.834043498827696,"softmax(Q * gaze)",0.7448
89,0.88,50,0.0459565011723042,0.925956501172304,0.834043498827696,"softmax(Q) * gaze",0.7488
89,0.88,50,0.0459565011723042,0.925956501172304,0.834043498827696,"softmax(Q) + gaze",0.8262
90,0.86,50,0.0490713765855412,0.909071376585541,0.810928623414459,"Q",0.774
90,0.86,50,0.0490713765855412,0.909071376585541,0.810928623414459,"Q * gaze",0.7222
90,0.86,50,0.0490713765855412,0.909071376585541,0.810928623414459,"Q + gaze",0.7834
90,0.86,50,0.0490713765855412,0.909071376585541,0.810928623414459,"softmax(Q)",0.8448
90,0.86,50,0.0490713765855412,0.909071376585541,0.810928623414459,"softmax(Q * gaze)",0.7672
90,0.86,50,0.0490713765855412,0.909071376585541,0.810928623414459,"softmax(Q) * gaze",0.7702
90,0.86,50,0.0490713765855412,0.909071376585541,0.810928623414459,"softmax(Q) + gaze",0.8666
91,0.94,50,0.0335857112474933,0.973585711247493,0.906414288752507,"Q",0.7886
91,0.94,50,0.0335857112474933,0.973585711247493,0.906414288752507,"Q * gaze",0.676
91,0.94,50,0.0335857112474933,0.973585711247493,0.906414288752507,"Q + gaze",0.7696
91,0.94,50,0.0335857112474933,0.973585711247493,0.906414288752507,"softmax(Q)",0.8712
91,0.94,50,0.0335857112474933,0.973585711247493,0.906414288752507,"softmax(Q * gaze)",0.6808
91,0.94,50,0.0335857112474933,0.973585711247493,0.906414288752507,"softmax(Q) * gaze",0.729
91,0.94,50,0.0335857112474933,0.973585711247493,0.906414288752507,"softmax(Q) + gaze",0.8404
92,0.82,50,0.0543323108288245,0.874332310828824,0.765667689171175,"Q",0.7784
92,0.82,50,0.0543323108288245,0.874332310828824,0.765667689171175,"Q * gaze",0.6818
92,0.82,50,0.0543323108288245,0.874332310828824,0.765667689171175,"Q + gaze",0.7592
92,0.82,50,0.0543323108288245,0.874332310828824,0.765667689171175,"softmax(Q)",0.8548
92,0.82,50,0.0543323108288245,0.874332310828824,0.765667689171175,"softmax(Q * gaze)",0.6988
92,0.82,50,0.0543323108288245,0.874332310828824,0.765667689171175,"softmax(Q) * gaze",0.7422
92,0.82,50,0.0543323108288245,0.874332310828824,0.765667689171175,"softmax(Q) + gaze",0.8358
93,0.86,50,0.0490713765855412,0.909071376585541,0.810928623414459,"Q",0.7964
93,0.86,50,0.0490713765855412,0.909071376585541,0.810928623414459,"Q * gaze",0.7358
93,0.86,50,0.0490713765855412,0.909071376585541,0.810928623414459,"Q + gaze",0.799
93,0.86,50,0.0490713765855412,0.909071376585541,0.810928623414459,"softmax(Q)",0.8654
93,0.86,50,0.0490713765855412,0.909071376585541,0.810928623414459,"softmax(Q * gaze)",0.7802
93,0.86,50,0.0490713765855412,0.909071376585541,0.810928623414459,"softmax(Q) * gaze",0.7842
93,0.86,50,0.0490713765855412,0.909071376585541,0.810928623414459,"softmax(Q) + gaze",0.857
94,0.88,50,0.0459565011723042,0.925956501172304,0.834043498827696,"Q",0.7852
94,0.88,50,0.0459565011723042,0.925956501172304,0.834043498827696,"Q * gaze",0.7588
94,0.88,50,0.0459565011723042,0.925956501172304,0.834043498827696,"Q + gaze",0.7978
94,0.88,50,0.0459565011723042,0.925956501172304,0.834043498827696,"softmax(Q)",0.8738
94,0.88,50,0.0459565011723042,0.925956501172304,0.834043498827696,"softmax(Q * gaze)",0.7522
94,0.88,50,0.0459565011723042,0.925956501172304,0.834043498827696,"softmax(Q) * gaze",0.7924
94,0.88,50,0.0459565011723042,0.925956501172304,0.834043498827696,"softmax(Q) + gaze",0.871
95,0.9,50,0.0424264068711928,0.942426406871193,0.857573593128807,"Q",0.7838
95,0.9,50,0.0424264068711928,0.942426406871193,0.857573593128807,"Q * gaze",0.7334
95,0.9,50,0.0424264068711928,0.942426406871193,0.857573593128807,"Q + gaze",0.7846
95,0.9,50,0.0424264068711928,0.942426406871193,0.857573593128807,"softmax(Q)",0.8484
95,0.9,50,0.0424264068711928,0.942426406871193,0.857573593128807,"softmax(Q * gaze)",0.7608
95,0.9,50,0.0424264068711928,0.942426406871193,0.857573593128807,"softmax(Q) * gaze",0.778
95,0.9,50,0.0424264068711928,0.942426406871193,0.857573593128807,"softmax(Q) + gaze",0.8436
96,0.86,50,0.0490713765855412,0.909071376585541,0.810928623414459,"Q",0.7804
96,0.86,50,0.0490713765855412,0.909071376585541,0.810928623414459,"Q * gaze",0.6536
96,0.86,50,0.0490713765855412,0.909071376585541,0.810928623414459,"Q + gaze",0.7724
96,0.86,50,0.0490713765855412,0.909071376585541,0.810928623414459,"softmax(Q)",0.8482
96,0.86,50,0.0490713765855412,0.909071376585541,0.810928623414459,"softmax(Q * gaze)",0.6846
96,0.86,50,0.0490713765855412,0.909071376585541,0.810928623414459,"softmax(Q) * gaze",0.6916
96,0.86,50,0.0490713765855412,0.909071376585541,0.810928623414459,"softmax(Q) + gaze",0.8116
97,0.94,50,0.0335857112474933,0.973585711247493,0.906414288752507,"Q",0.7754
97,0.94,50,0.0335857112474933,0.973585711247493,0.906414288752507,"Q * gaze",0.7026
97,0.94,50,0.0335857112474933,0.973585711247493,0.906414288752507,"Q + gaze",0.7736
97,0.94,50,0.0335857112474933,0.973585711247493,0.906414288752507,"softmax(Q)",0.8758
97,0.94,50,0.0335857112474933,0.973585711247493,0.906414288752507,"softmax(Q * gaze)",0.7832
97,0.94,50,0.0335857112474933,0.973585711247493,0.906414288752507,"softmax(Q) * gaze",0.7766
97,0.94,50,0.0335857112474933,0.973585711247493,0.906414288752507,"softmax(Q) + gaze",0.8604
98,0.92,50,0.0383666521865017,0.958366652186502,0.881633347813498,"Q",0.797
98,0.92,50,0.0383666521865017,0.958366652186502,0.881633347813498,"Q * gaze",0.7586
98,0.92,50,0.0383666521865017,0.958366652186502,0.881633347813498,"Q + gaze",0.815
98,0.92,50,0.0383666521865017,0.958366652186502,0.881633347813498,"softmax(Q)",0.8774
98,0.92,50,0.0383666521865017,0.958366652186502,0.881633347813498,"softmax(Q * gaze)",0.8066
98,0.92,50,0.0383666521865017,0.958366652186502,0.881633347813498,"softmax(Q) * gaze",0.8176
98,0.92,50,0.0383666521865017,0.958366652186502,0.881633347813498,"softmax(Q) + gaze",0.8766
99,0.9,50,0.0424264068711928,0.942426406871193,0.857573593128807,"Q",0.7838
99,0.9,50,0.0424264068711928,0.942426406871193,0.857573593128807,"Q * gaze",0.7462
99,0.9,50,0.0424264068711928,0.942426406871193,0.857573593128807,"Q + gaze",0.7992
99,0.9,50,0.0424264068711928,0.942426406871193,0.857573593128807,"softmax(Q)",0.876
99,0.9,50,0.0424264068711928,0.942426406871193,0.857573593128807,"softmax(Q * gaze)",0.7712
99,0.9,50,0.0424264068711928,0.942426406871193,0.857573593128807,"softmax(Q) * gaze",0.7932
99,0.9,50,0.0424264068711928,0.942426406871193,0.857573593128807,"softmax(Q) + gaze",0.874
100,0.9,50,0.0424264068711928,0.942426406871193,0.857573593128807,"Q",0.7712
100,0.9,50,0.0424264068711928,0.942426406871193,0.857573593128807,"Q * gaze",0.713
100,0.9,50,0.0424264068711928,0.942426406871193,0.857573593128807,"Q + gaze",0.761
100,0.9,50,0.0424264068711928,0.942426406871193,0.857573593128807,"softmax(Q)",0.8622
100,0.9,50,0.0424264068711928,0.942426406871193,0.857573593128807,"softmax(Q * gaze)",0.7558
100,0.9,50,0.0424264068711928,0.942426406871193,0.857573593128807,"softmax(Q) * gaze",0.7602
100,0.9,50,0.0424264068711928,0.942426406871193,0.857573593128807,"softmax(Q) + gaze",0.8304
101,0.84,50,0.0518459255872629,0.891845925587263,0.788154074412737,"Q",0.7834
101,0.84,50,0.0518459255872629,0.891845925587263,0.788154074412737,"Q * gaze",0.7174
101,0.84,50,0.0518459255872629,0.891845925587263,0.788154074412737,"Q + gaze",0.785
101,0.84,50,0.0518459255872629,0.891845925587263,0.788154074412737,"softmax(Q)",0.8644
101,0.84,50,0.0518459255872629,0.891845925587263,0.788154074412737,"softmax(Q * gaze)",0.7568
101,0.84,50,0.0518459255872629,0.891845925587263,0.788154074412737,"softmax(Q) * gaze",0.7628
101,0.84,50,0.0518459255872629,0.891845925587263,0.788154074412737,"softmax(Q) + gaze",0.8356
102,0.86,50,0.0490713765855412,0.909071376585541,0.810928623414459,"Q",0.789
102,0.86,50,0.0490713765855412,0.909071376585541,0.810928623414459,"Q * gaze",0.7106
102,0.86,50,0.0490713765855412,0.909071376585541,0.810928623414459,"Q + gaze",0.7884
102,0.86,50,0.0490713765855412,0.909071376585541,0.810928623414459,"softmax(Q)",0.8616
102,0.86,50,0.0490713765855412,0.909071376585541,0.810928623414459,"softmax(Q * gaze)",0.7426
102,0.86,50,0.0490713765855412,0.909071376585541,0.810928623414459,"softmax(Q) * gaze",0.7496
102,0.86,50,0.0490713765855412,0.909071376585541,0.810928623414459,"softmax(Q) + gaze",0.8542
103,0.88,50,0.0459565011723042,0.925956501172304,0.834043498827696,"Q",0.7918
103,0.88,50,0.0459565011723042,0.925956501172304,0.834043498827696,"Q * gaze",0.771
103,0.88,50,0.0459565011723042,0.925956501172304,0.834043498827696,"Q + gaze",0.8146
103,0.88,50,0.0459565011723042,0.925956501172304,0.834043498827696,"softmax(Q)",0.8686
103,0.88,50,0.0459565011723042,0.925956501172304,0.834043498827696,"softmax(Q * gaze)",0.7762
103,0.88,50,0.0459565011723042,0.925956501172304,0.834043498827696,"softmax(Q) * gaze",0.8032
103,0.88,50,0.0459565011723042,0.925956501172304,0.834043498827696,"softmax(Q) + gaze",0.8704
104,0.84,50,0.0518459255872629,0.891845925587263,0.788154074412737,"Q",0.7736
104,0.84,50,0.0518459255872629,0.891845925587263,0.788154074412737,"Q * gaze",0.6844
104,0.84,50,0.0518459255872629,0.891845925587263,0.788154074412737,"Q + gaze",0.7588
104,0.84,50,0.0518459255872629,0.891845925587263,0.788154074412737,"softmax(Q)",0.857
104,0.84,50,0.0518459255872629,0.891845925587263,0.788154074412737,"softmax(Q * gaze)",0.7254
104,0.84,50,0.0518459255872629,0.891845925587263,0.788154074412737,"softmax(Q) * gaze",0.7558
104,0.84,50,0.0518459255872629,0.891845925587263,0.788154074412737,"softmax(Q) + gaze",0.8368
105,0.88,50,0.0459565011723042,0.925956501172304,0.834043498827696,"Q",0.801
105,0.88,50,0.0459565011723042,0.925956501172304,0.834043498827696,"Q * gaze",0.75
105,0.88,50,0.0459565011723042,0.925956501172304,0.834043498827696,"Q + gaze",0.8308
105,0.88,50,0.0459565011723042,0.925956501172304,0.834043498827696,"softmax(Q)",0.8628
105,0.88,50,0.0459565011723042,0.925956501172304,0.834043498827696,"softmax(Q * gaze)",0.7714
105,0.88,50,0.0459565011723042,0.925956501172304,0.834043498827696,"softmax(Q) * gaze",0.8062
105,0.88,50,0.0459565011723042,0.925956501172304,0.834043498827696,"softmax(Q) + gaze",0.885
106,0.88,50,0.0459565011723042,0.925956501172304,0.834043498827696,"Q",0.7796
106,0.88,50,0.0459565011723042,0.925956501172304,0.834043498827696,"Q * gaze",0.713
106,0.88,50,0.0459565011723042,0.925956501172304,0.834043498827696,"Q + gaze",0.7716
106,0.88,50,0.0459565011723042,0.925956501172304,0.834043498827696,"softmax(Q)",0.8706
106,0.88,50,0.0459565011723042,0.925956501172304,0.834043498827696,"softmax(Q * gaze)",0.7622
106,0.88,50,0.0459565011723042,0.925956501172304,0.834043498827696,"softmax(Q) * gaze",0.7536
106,0.88,50,0.0459565011723042,0.925956501172304,0.834043498827696,"softmax(Q) + gaze",0.8432
107,0.92,50,0.0383666521865017,0.958366652186502,0.881633347813498,"Q",0.8028
107,0.92,50,0.0383666521865017,0.958366652186502,0.881633347813498,"Q * gaze",0.7536
107,0.92,50,0.0383666521865017,0.958366652186502,0.881633347813498,"Q + gaze",0.8118
107,0.92,50,0.0383666521865017,0.958366652186502,0.881633347813498,"softmax(Q)",0.8836
107,0.92,50,0.0383666521865017,0.958366652186502,0.881633347813498,"softmax(Q * gaze)",0.8162
107,0.92,50,0.0383666521865017,0.958366652186502,0.881633347813498,"softmax(Q) * gaze",0.788
107,0.92,50,0.0383666521865017,0.958366652186502,0.881633347813498,"softmax(Q) + gaze",0.8712
108,0.84,50,0.0518459255872629,0.891845925587263,0.788154074412737,"Q",0.8036
108,0.84,50,0.0518459255872629,0.891845925587263,0.788154074412737,"Q * gaze",0.7512
108,0.84,50,0.0518459255872629,0.891845925587263,0.788154074412737,"Q + gaze",0.8086
108,0.84,50,0.0518459255872629,0.891845925587263,0.788154074412737,"softmax(Q)",0.883
108,0.84,50,0.0518459255872629,0.891845925587263,0.788154074412737,"softmax(Q * gaze)",0.72
108,0.84,50,0.0518459255872629,0.891845925587263,0.788154074412737,"softmax(Q) * gaze",0.802
108,0.84,50,0.0518459255872629,0.891845925587263,0.788154074412737,"softmax(Q) + gaze",0.8792
109,0.86,50,0.0490713765855412,0.909071376585541,0.810928623414459,"Q",0.7906
109,0.86,50,0.0490713765855412,0.909071376585541,0.810928623414459,"Q * gaze",0.7082
109,0.86,50,0.0490713765855412,0.909071376585541,0.810928623414459,"Q + gaze",0.7736
109,0.86,50,0.0490713765855412,0.909071376585541,0.810928623414459,"softmax(Q)",0.882
109,0.86,50,0.0490713765855412,0.909071376585541,0.810928623414459,"softmax(Q * gaze)",0.7442
109,0.86,50,0.0490713765855412,0.909071376585541,0.810928623414459,"softmax(Q) * gaze",0.773
109,0.86,50,0.0490713765855412,0.909071376585541,0.810928623414459,"softmax(Q) + gaze",0.8526
110,0.78,50,0.0585832740635072,0.838583274063507,0.721416725936493,"Q",0.7696
110,0.78,50,0.0585832740635072,0.838583274063507,0.721416725936493,"Q * gaze",0.699
110,0.78,50,0.0585832740635072,0.838583274063507,0.721416725936493,"Q + gaze",0.7702
110,0.78,50,0.0585832740635072,0.838583274063507,0.721416725936493,"softmax(Q)",0.881
110,0.78,50,0.0585832740635072,0.838583274063507,0.721416725936493,"softmax(Q * gaze)",0.7356
110,0.78,50,0.0585832740635072,0.838583274063507,0.721416725936493,"softmax(Q) * gaze",0.745
110,0.78,50,0.0585832740635072,0.838583274063507,0.721416725936493,"softmax(Q) + gaze",0.8344
111,0.86,50,0.0490713765855412,0.909071376585541,0.810928623414459,"Q",0.7922
111,0.86,50,0.0490713765855412,0.909071376585541,0.810928623414459,"Q * gaze",0.7368
111,0.86,50,0.0490713765855412,0.909071376585541,0.810928623414459,"Q + gaze",0.7946
111,0.86,50,0.0490713765855412,0.909071376585541,0.810928623414459,"softmax(Q)",0.8874
111,0.86,50,0.0490713765855412,0.909071376585541,0.810928623414459,"softmax(Q * gaze)",0.774
111,0.86,50,0.0490713765855412,0.909071376585541,0.810928623414459,"softmax(Q) * gaze",0.7752
111,0.86,50,0.0490713765855412,0.909071376585541,0.810928623414459,"softmax(Q) + gaze",0.8662
112,0.84,50,0.0518459255872629,0.891845925587263,0.788154074412737,"Q",0.7896
112,0.84,50,0.0518459255872629,0.891845925587263,0.788154074412737,"Q * gaze",0.7662
112,0.84,50,0.0518459255872629,0.891845925587263,0.788154074412737,"Q + gaze",0.809
112,0.84,50,0.0518459255872629,0.891845925587263,0.788154074412737,"softmax(Q)",0.8718
112,0.84,50,0.0518459255872629,0.891845925587263,0.788154074412737,"softmax(Q * gaze)",0.7924
112,0.84,50,0.0518459255872629,0.891845925587263,0.788154074412737,"softmax(Q) * gaze",0.8046
112,0.84,50,0.0518459255872629,0.891845925587263,0.788154074412737,"softmax(Q) + gaze",0.8616
113,0.86,50,0.0490713765855412,0.909071376585541,0.810928623414459,"Q",0.7848
113,0.86,50,0.0490713765855412,0.909071376585541,0.810928623414459,"Q * gaze",0.714
113,0.86,50,0.0490713765855412,0.909071376585541,0.810928623414459,"Q + gaze",0.7688
113,0.86,50,0.0490713765855412,0.909071376585541,0.810928623414459,"softmax(Q)",0.8656
113,0.86,50,0.0490713765855412,0.909071376585541,0.810928623414459,"softmax(Q * gaze)",0.7314
113,0.86,50,0.0490713765855412,0.909071376585541,0.810928623414459,"softmax(Q) * gaze",0.7394
113,0.86,50,0.0490713765855412,0.909071376585541,0.810928623414459,"softmax(Q) + gaze",0.8382
114,0.86,50,0.0490713765855412,0.909071376585541,0.810928623414459,"Q",0.7926
114,0.86,50,0.0490713765855412,0.909071376585541,0.810928623414459,"Q * gaze",0.703
114,0.86,50,0.0490713765855412,0.909071376585541,0.810928623414459,"Q + gaze",0.7884
114,0.86,50,0.0490713765855412,0.909071376585541,0.810928623414459,"softmax(Q)",0.86
114,0.86,50,0.0490713765855412,0.909071376585541,0.810928623414459,"softmax(Q * gaze)",0.732
114,0.86,50,0.0490713765855412,0.909071376585541,0.810928623414459,"softmax(Q) * gaze",0.7304
114,0.86,50,0.0490713765855412,0.909071376585541,0.810928623414459,"softmax(Q) + gaze",0.8376
115,0.9,50,0.0424264068711928,0.942426406871193,0.857573593128807,"Q",0.7874
115,0.9,50,0.0424264068711928,0.942426406871193,0.857573593128807,"Q * gaze",0.7366
115,0.9,50,0.0424264068711928,0.942426406871193,0.857573593128807,"Q + gaze",0.7876
115,0.9,50,0.0424264068711928,0.942426406871193,0.857573593128807,"softmax(Q)",0.8726
115,0.9,50,0.0424264068711928,0.942426406871193,0.857573593128807,"softmax(Q * gaze)",0.7718
115,0.9,50,0.0424264068711928,0.942426406871193,0.857573593128807,"softmax(Q) * gaze",0.7762
115,0.9,50,0.0424264068711928,0.942426406871193,0.857573593128807,"softmax(Q) + gaze",0.8512
116,0.9,50,0.0424264068711928,0.942426406871193,0.857573593128807,"Q",0.7938
116,0.9,50,0.0424264068711928,0.942426406871193,0.857573593128807,"Q * gaze",0.7452
116,0.9,50,0.0424264068711928,0.942426406871193,0.857573593128807,"Q + gaze",0.809
116,0.9,50,0.0424264068711928,0.942426406871193,0.857573593128807,"softmax(Q)",0.8836
116,0.9,50,0.0424264068711928,0.942426406871193,0.857573593128807,"softmax(Q * gaze)",0.7478
116,0.9,50,0.0424264068711928,0.942426406871193,0.857573593128807,"softmax(Q) * gaze",0.7856
116,0.9,50,0.0424264068711928,0.942426406871193,0.857573593128807,"softmax(Q) + gaze",0.8792
117,0.94,50,0.0335857112474933,0.973585711247493,0.906414288752507,"Q",0.7956
117,0.94,50,0.0335857112474933,0.973585711247493,0.906414288752507,"Q * gaze",0.7408
117,0.94,50,0.0335857112474933,0.973585711247493,0.906414288752507,"Q + gaze",0.8088
117,0.94,50,0.0335857112474933,0.973585711247493,0.906414288752507,"softmax(Q)",0.88
117,0.94,50,0.0335857112474933,0.973585711247493,0.906414288752507,"softmax(Q * gaze)",0.7738
117,0.94,50,0.0335857112474933,0.973585711247493,0.906414288752507,"softmax(Q) * gaze",0.8012
117,0.94,50,0.0335857112474933,0.973585711247493,0.906414288752507,"softmax(Q) + gaze",0.8804
118,0.86,50,0.0490713765855412,0.909071376585541,0.810928623414459,"Q",0.774
118,0.86,50,0.0490713765855412,0.909071376585541,0.810928623414459,"Q * gaze",0.6744
118,0.86,50,0.0490713765855412,0.909071376585541,0.810928623414459,"Q + gaze",0.7414
118,0.86,50,0.0490713765855412,0.909071376585541,0.810928623414459,"softmax(Q)",0.8454
118,0.86,50,0.0490713765855412,0.909071376585541,0.810928623414459,"softmax(Q * gaze)",0.7432
118,0.86,50,0.0490713765855412,0.909071376585541,0.810928623414459,"softmax(Q) * gaze",0.7006
118,0.86,50,0.0490713765855412,0.909071376585541,0.810928623414459,"softmax(Q) + gaze",0.8198
119,0.88,50,0.0459565011723042,0.925956501172304,0.834043498827696,"Q",0.7754
119,0.88,50,0.0459565011723042,0.925956501172304,0.834043498827696,"Q * gaze",0.7062
119,0.88,50,0.0459565011723042,0.925956501172304,0.834043498827696,"Q + gaze",0.7648
119,0.88,50,0.0459565011723042,0.925956501172304,0.834043498827696,"softmax(Q)",0.8876
119,0.88,50,0.0459565011723042,0.925956501172304,0.834043498827696,"softmax(Q * gaze)",0.7132
119,0.88,50,0.0459565011723042,0.925956501172304,0.834043498827696,"softmax(Q) * gaze",0.7578
119,0.88,50,0.0459565011723042,0.925956501172304,0.834043498827696,"softmax(Q) + gaze",0.8426
120,0.88,50,0.0459565011723042,0.925956501172304,0.834043498827696,"Q",0.7782
120,0.88,50,0.0459565011723042,0.925956501172304,0.834043498827696,"Q * gaze",0.7214
120,0.88,50,0.0459565011723042,0.925956501172304,0.834043498827696,"Q + gaze",0.7876
120,0.88,50,0.0459565011723042,0.925956501172304,0.834043498827696,"softmax(Q)",0.889
120,0.88,50,0.0459565011723042,0.925956501172304,0.834043498827696,"softmax(Q * gaze)",0.7866
120,0.88,50,0.0459565011723042,0.925956501172304,0.834043498827696,"softmax(Q) * gaze",0.7562
120,0.88,50,0.0459565011723042,0.925956501172304,0.834043498827696,"softmax(Q) + gaze",0.876
