"subject","trial_type","acc","model","fit","t0","learn_rate","Q_beta","gaze_beta","threshold_sep","upper_bound","w_rel","theta","threshold"
1,"I",0.75,"Q",0.31625,92.5987475104465,0.235648915445588,0.439598762281331,0.561141791046503,244.572048175671,511.949582068509,0.295243191948044,2.52526295795325,756.521630244179
1,"I",0.75,"Q * gaze",0.549166666666667,92.5987475104465,0.235648915445588,0.439598762281331,0.561141791046503,244.572048175671,511.949582068509,0.295243191948044,2.52526295795325,756.521630244179
1,"I",0.75,"Q + gaze",0.464166666666667,92.5987475104465,0.235648915445588,0.439598762281331,0.561141791046503,244.572048175671,511.949582068509,0.295243191948044,2.52526295795325,756.521630244179
1,"I",0.75,"softmax(Q)",0.510833333333333,92.5987475104465,0.235648915445588,0.439598762281331,0.561141791046503,244.572048175671,511.949582068509,0.295243191948044,2.52526295795325,756.521630244179
1,"I",0.75,"softmax(Q * gaze)",0.538333333333333,92.5987475104465,0.235648915445588,0.439598762281331,0.561141791046503,244.572048175671,511.949582068509,0.295243191948044,2.52526295795325,756.521630244179
1,"I",0.75,"softmax(Q) * gaze",0.695416666666667,92.5987475104465,0.235648915445588,0.439598762281331,0.561141791046503,244.572048175671,511.949582068509,0.295243191948044,2.52526295795325,756.521630244179
1,"I",0.75,"softmax(Q) + gaze",0.798333333333333,92.5987475104465,0.235648915445588,0.439598762281331,0.561141791046503,244.572048175671,511.949582068509,0.295243191948044,2.52526295795325,756.521630244179
1,"I",0.75,"softmax(Q + gaze)",0.63375,92.5987475104465,0.235648915445588,0.439598762281331,0.561141791046503,244.572048175671,511.949582068509,0.295243191948044,2.52526295795325,756.521630244179
2,"I",0.166666666666667,"Q",0.210833333333333,97.5809892000671,0.178511618919379,0.253086339874227,0.492761905571798,132.085464700068,286.711369509319,0.991285916305496,2.824211991153,418.796834209388
2,"I",0.166666666666667,"Q * gaze",0.240833333333333,97.5809892000671,0.178511618919379,0.253086339874227,0.492761905571798,132.085464700068,286.711369509319,0.991285916305496,2.824211991153,418.796834209388
2,"I",0.166666666666667,"Q + gaze",0.218333333333333,97.5809892000671,0.178511618919379,0.253086339874227,0.492761905571798,132.085464700068,286.711369509319,0.991285916305496,2.824211991153,418.796834209388
2,"I",0.166666666666667,"softmax(Q)",0.0720833333333333,97.5809892000671,0.178511618919379,0.253086339874227,0.492761905571798,132.085464700068,286.711369509319,0.991285916305496,2.824211991153,418.796834209388
2,"I",0.166666666666667,"softmax(Q * gaze)",0.104583333333333,97.5809892000671,0.178511618919379,0.253086339874227,0.492761905571798,132.085464700068,286.711369509319,0.991285916305496,2.824211991153,418.796834209388
2,"I",0.166666666666667,"softmax(Q) * gaze",0.09625,97.5809892000671,0.178511618919379,0.253086339874227,0.492761905571798,132.085464700068,286.711369509319,0.991285916305496,2.824211991153,418.796834209388
2,"I",0.166666666666667,"softmax(Q) + gaze",0.12125,97.5809892000671,0.178511618919379,0.253086339874227,0.492761905571798,132.085464700068,286.711369509319,0.991285916305496,2.824211991153,418.796834209388
2,"I",0.166666666666667,"softmax(Q + gaze)",0.0841666666666667,97.5809892000671,0.178511618919379,0.253086339874227,0.492761905571798,132.085464700068,286.711369509319,0.991285916305496,2.824211991153,418.796834209388
3,"I",0.0416666666666667,"Q",0.21125,75.2994965373747,0.00878752710183484,0.283979667813793,0.150104076562511,92.8765453711709,181.078187756458,0.843013235397767,9.89993280166561,273.954733127629
3,"I",0.0416666666666667,"Q * gaze",0.44625,75.2994965373747,0.00878752710183484,0.283979667813793,0.150104076562511,92.8765453711709,181.078187756458,0.843013235397767,9.89993280166561,273.954733127629
3,"I",0.0416666666666667,"Q + gaze",0.207916666666667,75.2994965373747,0.00878752710183484,0.283979667813793,0.150104076562511,92.8765453711709,181.078187756458,0.843013235397767,9.89993280166561,273.954733127629
3,"I",0.0416666666666667,"softmax(Q)",0.160833333333333,75.2994965373747,0.00878752710183484,0.283979667813793,0.150104076562511,92.8765453711709,181.078187756458,0.843013235397767,9.89993280166561,273.954733127629
3,"I",0.0416666666666667,"softmax(Q * gaze)",0.424583333333333,75.2994965373747,0.00878752710183484,0.283979667813793,0.150104076562511,92.8765453711709,181.078187756458,0.843013235397767,9.89993280166561,273.954733127629
3,"I",0.0416666666666667,"softmax(Q) * gaze",0.431666666666667,75.2994965373747,0.00878752710183484,0.283979667813793,0.150104076562511,92.8765453711709,181.078187756458,0.843013235397767,9.89993280166561,273.954733127629
3,"I",0.0416666666666667,"softmax(Q) + gaze",0.15,75.2994965373747,0.00878752710183484,0.283979667813793,0.150104076562511,92.8765453711709,181.078187756458,0.843013235397767,9.89993280166561,273.954733127629
3,"I",0.0416666666666667,"softmax(Q + gaze)",0.185416666666667,75.2994965373747,0.00878752710183484,0.283979667813793,0.150104076562511,92.8765453711709,181.078187756458,0.843013235397767,9.89993280166561,273.954733127629
4,"I",0.25,"Q",0.295833333333333,74.267143580087,0.377614861733122,0.364863293200861,1.0350047076678,144.270579755138,378.901550123813,0.982443996764792,0.934768944883907,523.17212987895
4,"I",0.25,"Q * gaze",0.277916666666667,74.267143580087,0.377614861733122,0.364863293200861,1.0350047076678,144.270579755138,378.901550123813,0.982443996764792,0.934768944883907,523.17212987895
4,"I",0.25,"Q + gaze",0.227916666666667,74.267143580087,0.377614861733122,0.364863293200861,1.0350047076678,144.270579755138,378.901550123813,0.982443996764792,0.934768944883907,523.17212987895
4,"I",0.25,"softmax(Q)",0.244583333333333,74.267143580087,0.377614861733122,0.364863293200861,1.0350047076678,144.270579755138,378.901550123813,0.982443996764792,0.934768944883907,523.17212987895
4,"I",0.25,"softmax(Q * gaze)",0.225833333333333,74.267143580087,0.377614861733122,0.364863293200861,1.0350047076678,144.270579755138,378.901550123813,0.982443996764792,0.934768944883907,523.17212987895
4,"I",0.25,"softmax(Q) * gaze",0.247916666666667,74.267143580087,0.377614861733122,0.364863293200861,1.0350047076678,144.270579755138,378.901550123813,0.982443996764792,0.934768944883907,523.17212987895
4,"I",0.25,"softmax(Q) + gaze",0.204583333333333,74.267143580087,0.377614861733122,0.364863293200861,1.0350047076678,144.270579755138,378.901550123813,0.982443996764792,0.934768944883907,523.17212987895
4,"I",0.25,"softmax(Q + gaze)",0.210416666666667,74.267143580087,0.377614861733122,0.364863293200861,1.0350047076678,144.270579755138,378.901550123813,0.982443996764792,0.934768944883907,523.17212987895
6,"I",0.375,"Q",0.13,107.499527949537,0.185035869871198,0.313776733288534,0.458775046097053,167.487139022203,359.706797063528,0.549353730700402,4.2575816711134,527.19393608573
6,"I",0.375,"Q * gaze",0.249583333333333,107.499527949537,0.185035869871198,0.313776733288534,0.458775046097053,167.487139022203,359.706797063528,0.549353730700402,4.2575816711134,527.19393608573
6,"I",0.375,"Q + gaze",0.189583333333333,107.499527949537,0.185035869871198,0.313776733288534,0.458775046097053,167.487139022203,359.706797063528,0.549353730700402,4.2575816711134,527.19393608573
6,"I",0.375,"softmax(Q)",0.146666666666667,107.499527949537,0.185035869871198,0.313776733288534,0.458775046097053,167.487139022203,359.706797063528,0.549353730700402,4.2575816711134,527.19393608573
6,"I",0.375,"softmax(Q * gaze)",0.238333333333333,107.499527949537,0.185035869871198,0.313776733288534,0.458775046097053,167.487139022203,359.706797063528,0.549353730700402,4.2575816711134,527.19393608573
6,"I",0.375,"softmax(Q) * gaze",0.28625,107.499527949537,0.185035869871198,0.313776733288534,0.458775046097053,167.487139022203,359.706797063528,0.549353730700402,4.2575816711134,527.19393608573
6,"I",0.375,"softmax(Q) + gaze",0.149166666666667,107.499527949537,0.185035869871198,0.313776733288534,0.458775046097053,167.487139022203,359.706797063528,0.549353730700402,4.2575816711134,527.19393608573
6,"I",0.375,"softmax(Q + gaze)",0.199166666666667,107.499527949537,0.185035869871198,0.313776733288534,0.458775046097053,167.487139022203,359.706797063528,0.549353730700402,4.2575816711134,527.19393608573
7,"I",0,"Q",0.0775,155.754479674881,0.0510119973981367,0.451552628077769,0.150725294418436,115.631441769562,112.316732738581,0.994672148060478,3.06149874906855,227.948174508143
7,"I",0,"Q * gaze",0.435,155.754479674881,0.0510119973981367,0.451552628077769,0.150725294418436,115.631441769562,112.316732738581,0.994672148060478,3.06149874906855,227.948174508143
7,"I",0,"Q + gaze",0.0870833333333333,155.754479674881,0.0510119973981367,0.451552628077769,0.150725294418436,115.631441769562,112.316732738581,0.994672148060478,3.06149874906855,227.948174508143
7,"I",0,"softmax(Q)",0.0204166666666667,155.754479674881,0.0510119973981367,0.451552628077769,0.150725294418436,115.631441769562,112.316732738581,0.994672148060478,3.06149874906855,227.948174508143
7,"I",0,"softmax(Q * gaze)",0.415833333333333,155.754479674881,0.0510119973981367,0.451552628077769,0.150725294418436,115.631441769562,112.316732738581,0.994672148060478,3.06149874906855,227.948174508143
7,"I",0,"softmax(Q) * gaze",0.43875,155.754479674881,0.0510119973981367,0.451552628077769,0.150725294418436,115.631441769562,112.316732738581,0.994672148060478,3.06149874906855,227.948174508143
7,"I",0,"softmax(Q) + gaze",0.01875,155.754479674881,0.0510119973981367,0.451552628077769,0.150725294418436,115.631441769562,112.316732738581,0.994672148060478,3.06149874906855,227.948174508143
7,"I",0,"softmax(Q + gaze)",0.0208333333333333,155.754479674881,0.0510119973981367,0.451552628077769,0.150725294418436,115.631441769562,112.316732738581,0.994672148060478,3.06149874906855,227.948174508143
8,"I",0.416666666666667,"Q",0.18,129.94315364796,0.225631521199169,0.246984550050146,0.204391871421282,154.440426117432,87.7905410701577,0.698880066178773,3.41427493323919,242.23096718759
8,"I",0.416666666666667,"Q * gaze",0.31,129.94315364796,0.225631521199169,0.246984550050146,0.204391871421282,154.440426117432,87.7905410701577,0.698880066178773,3.41427493323919,242.23096718759
8,"I",0.416666666666667,"Q + gaze",0.255416666666667,129.94315364796,0.225631521199169,0.246984550050146,0.204391871421282,154.440426117432,87.7905410701577,0.698880066178773,3.41427493323919,242.23096718759
8,"I",0.416666666666667,"softmax(Q)",0.12625,129.94315364796,0.225631521199169,0.246984550050146,0.204391871421282,154.440426117432,87.7905410701577,0.698880066178773,3.41427493323919,242.23096718759
8,"I",0.416666666666667,"softmax(Q * gaze)",0.225416666666667,129.94315364796,0.225631521199169,0.246984550050146,0.204391871421282,154.440426117432,87.7905410701577,0.698880066178773,3.41427493323919,242.23096718759
8,"I",0.416666666666667,"softmax(Q) * gaze",0.1975,129.94315364796,0.225631521199169,0.246984550050146,0.204391871421282,154.440426117432,87.7905410701577,0.698880066178773,3.41427493323919,242.23096718759
8,"I",0.416666666666667,"softmax(Q) + gaze",0.145833333333333,129.94315364796,0.225631521199169,0.246984550050146,0.204391871421282,154.440426117432,87.7905410701577,0.698880066178773,3.41427493323919,242.23096718759
8,"I",0.416666666666667,"softmax(Q + gaze)",0.16625,129.94315364796,0.225631521199169,0.246984550050146,0.204391871421282,154.440426117432,87.7905410701577,0.698880066178773,3.41427493323919,242.23096718759
9,"I",0.0416666666666667,"Q",0.16,106.812279829385,0.12822727278371,0.317826945360065,0.911864733657794,146.716097984626,297.017210206635,0.995790784579985,1.97154692364049,443.733308191261
9,"I",0.0416666666666667,"Q * gaze",0.180833333333333,106.812279829385,0.12822727278371,0.317826945360065,0.911864733657794,146.716097984626,297.017210206635,0.995790784579985,1.97154692364049,443.733308191261
9,"I",0.0416666666666667,"Q + gaze",0.217083333333333,106.812279829385,0.12822727278371,0.317826945360065,0.911864733657794,146.716097984626,297.017210206635,0.995790784579985,1.97154692364049,443.733308191261
9,"I",0.0416666666666667,"softmax(Q)",0.109166666666667,106.812279829385,0.12822727278371,0.317826945360065,0.911864733657794,146.716097984626,297.017210206635,0.995790784579985,1.97154692364049,443.733308191261
9,"I",0.0416666666666667,"softmax(Q * gaze)",0.115416666666667,106.812279829385,0.12822727278371,0.317826945360065,0.911864733657794,146.716097984626,297.017210206635,0.995790784579985,1.97154692364049,443.733308191261
9,"I",0.0416666666666667,"softmax(Q) * gaze",0.107083333333333,106.812279829385,0.12822727278371,0.317826945360065,0.911864733657794,146.716097984626,297.017210206635,0.995790784579985,1.97154692364049,443.733308191261
9,"I",0.0416666666666667,"softmax(Q) + gaze",0.115833333333333,106.812279829385,0.12822727278371,0.317826945360065,0.911864733657794,146.716097984626,297.017210206635,0.995790784579985,1.97154692364049,443.733308191261
9,"I",0.0416666666666667,"softmax(Q + gaze)",0.114166666666667,106.812279829385,0.12822727278371,0.317826945360065,0.911864733657794,146.716097984626,297.017210206635,0.995790784579985,1.97154692364049,443.733308191261
10,"I",0.791666666666667,"Q",0.3475,127.739694136075,0.611357937754608,0.209904375652012,0.111507479041621,153.146332712166,154.220044252412,0.136252439771,10.1980052839385,307.366376964578
10,"I",0.791666666666667,"Q * gaze",0.387916666666667,127.739694136075,0.611357937754608,0.209904375652012,0.111507479041621,153.146332712166,154.220044252412,0.136252439771,10.1980052839385,307.366376964578
10,"I",0.791666666666667,"Q + gaze",0.341666666666667,127.739694136075,0.611357937754608,0.209904375652012,0.111507479041621,153.146332712166,154.220044252412,0.136252439771,10.1980052839385,307.366376964578
10,"I",0.791666666666667,"softmax(Q)",0.758333333333333,127.739694136075,0.611357937754608,0.209904375652012,0.111507479041621,153.146332712166,154.220044252412,0.136252439771,10.1980052839385,307.366376964578
10,"I",0.791666666666667,"softmax(Q * gaze)",0.439166666666667,127.739694136075,0.611357937754608,0.209904375652012,0.111507479041621,153.146332712166,154.220044252412,0.136252439771,10.1980052839385,307.366376964578
10,"I",0.791666666666667,"softmax(Q) * gaze",0.5875,127.739694136075,0.611357937754608,0.209904375652012,0.111507479041621,153.146332712166,154.220044252412,0.136252439771,10.1980052839385,307.366376964578
10,"I",0.791666666666667,"softmax(Q) + gaze",0.75875,127.739694136075,0.611357937754608,0.209904375652012,0.111507479041621,153.146332712166,154.220044252412,0.136252439771,10.1980052839385,307.366376964578
10,"I",0.791666666666667,"softmax(Q + gaze)",0.651666666666667,127.739694136075,0.611357937754608,0.209904375652012,0.111507479041621,153.146332712166,154.220044252412,0.136252439771,10.1980052839385,307.366376964578
11,"I",0.416666666666667,"Q",0.497083333333333,165.293719019515,0.00404326941491239,0.213585236623774,0.257273946460946,21.2357323516005,20.0972435615994,0.036966356969478,4.14031114150987,41.3329759131999
11,"I",0.416666666666667,"Q * gaze",0.480416666666667,165.293719019515,0.00404326941491239,0.213585236623774,0.257273946460946,21.2357323516005,20.0972435615994,0.036966356969478,4.14031114150987,41.3329759131999
11,"I",0.416666666666667,"Q + gaze",0.484166666666667,165.293719019515,0.00404326941491239,0.213585236623774,0.257273946460946,21.2357323516005,20.0972435615994,0.036966356969478,4.14031114150987,41.3329759131999
11,"I",0.416666666666667,"softmax(Q)",0.538333333333333,165.293719019515,0.00404326941491239,0.213585236623774,0.257273946460946,21.2357323516005,20.0972435615994,0.036966356969478,4.14031114150987,41.3329759131999
11,"I",0.416666666666667,"softmax(Q * gaze)",0.465,165.293719019515,0.00404326941491239,0.213585236623774,0.257273946460946,21.2357323516005,20.0972435615994,0.036966356969478,4.14031114150987,41.3329759131999
11,"I",0.416666666666667,"softmax(Q) * gaze",0.482083333333333,165.293719019515,0.00404326941491239,0.213585236623774,0.257273946460946,21.2357323516005,20.0972435615994,0.036966356969478,4.14031114150987,41.3329759131999
11,"I",0.416666666666667,"softmax(Q) + gaze",0.54,165.293719019515,0.00404326941491239,0.213585236623774,0.257273946460946,21.2357323516005,20.0972435615994,0.036966356969478,4.14031114150987,41.3329759131999
11,"I",0.416666666666667,"softmax(Q + gaze)",0.505416666666667,165.293719019515,0.00404326941491239,0.213585236623774,0.257273946460946,21.2357323516005,20.0972435615994,0.036966356969478,4.14031114150987,41.3329759131999
12,"I",0.25,"Q",0.185833333333333,80.6786898352986,0.210601222968314,0.279349314316798,0.586687728377113,161.801343978528,235.910871248865,0.994390946541571,2.62316349410667,397.712215227393
12,"I",0.25,"Q * gaze",0.320416666666667,80.6786898352986,0.210601222968314,0.279349314316798,0.586687728377113,161.801343978528,235.910871248865,0.994390946541571,2.62316349410667,397.712215227393
12,"I",0.25,"Q + gaze",0.204166666666667,80.6786898352986,0.210601222968314,0.279349314316798,0.586687728377113,161.801343978528,235.910871248865,0.994390946541571,2.62316349410667,397.712215227393
12,"I",0.25,"softmax(Q)",0.110416666666667,80.6786898352986,0.210601222968314,0.279349314316798,0.586687728377113,161.801343978528,235.910871248865,0.994390946541571,2.62316349410667,397.712215227393
12,"I",0.25,"softmax(Q * gaze)",0.264583333333333,80.6786898352986,0.210601222968314,0.279349314316798,0.586687728377113,161.801343978528,235.910871248865,0.994390946541571,2.62316349410667,397.712215227393
12,"I",0.25,"softmax(Q) * gaze",0.26375,80.6786898352986,0.210601222968314,0.279349314316798,0.586687728377113,161.801343978528,235.910871248865,0.994390946541571,2.62316349410667,397.712215227393
12,"I",0.25,"softmax(Q) + gaze",0.105833333333333,80.6786898352986,0.210601222968314,0.279349314316798,0.586687728377113,161.801343978528,235.910871248865,0.994390946541571,2.62316349410667,397.712215227393
12,"I",0.25,"softmax(Q + gaze)",0.16125,80.6786898352986,0.210601222968314,0.279349314316798,0.586687728377113,161.801343978528,235.910871248865,0.994390946541571,2.62316349410667,397.712215227393
13,"I",0.541666666666667,"Q",0.352083333333333,106.896338353888,0.226333385472321,0.338441581035328,0.346208216536334,145.543004879886,430.562270944244,0.371079947682349,3.0874830943427,576.10527582413
13,"I",0.541666666666667,"Q * gaze",0.37,106.896338353888,0.226333385472321,0.338441581035328,0.346208216536334,145.543004879886,430.562270944244,0.371079947682349,3.0874830943427,576.10527582413
13,"I",0.541666666666667,"Q + gaze",0.36875,106.896338353888,0.226333385472321,0.338441581035328,0.346208216536334,145.543004879886,430.562270944244,0.371079947682349,3.0874830943427,576.10527582413
13,"I",0.541666666666667,"softmax(Q)",0.445833333333333,106.896338353888,0.226333385472321,0.338441581035328,0.346208216536334,145.543004879886,430.562270944244,0.371079947682349,3.0874830943427,576.10527582413
13,"I",0.541666666666667,"softmax(Q * gaze)",0.33375,106.896338353888,0.226333385472321,0.338441581035328,0.346208216536334,145.543004879886,430.562270944244,0.371079947682349,3.0874830943427,576.10527582413
13,"I",0.541666666666667,"softmax(Q) * gaze",0.469583333333333,106.896338353888,0.226333385472321,0.338441581035328,0.346208216536334,145.543004879886,430.562270944244,0.371079947682349,3.0874830943427,576.10527582413
13,"I",0.541666666666667,"softmax(Q) + gaze",0.497916666666667,106.896338353888,0.226333385472321,0.338441581035328,0.346208216536334,145.543004879886,430.562270944244,0.371079947682349,3.0874830943427,576.10527582413
13,"I",0.541666666666667,"softmax(Q + gaze)",0.429166666666667,106.896338353888,0.226333385472321,0.338441581035328,0.346208216536334,145.543004879886,430.562270944244,0.371079947682349,3.0874830943427,576.10527582413
14,"I",0.666666666666667,"Q",0.36625,183.319514231503,0.111574435929538,0.36929679428649,0.661017024297789,124.088613495773,228.314581506525,0.37817539168431,1.2364676398625,352.403195002298
14,"I",0.666666666666667,"Q * gaze",0.4825,183.319514231503,0.111574435929538,0.36929679428649,0.661017024297789,124.088613495773,228.314581506525,0.37817539168431,1.2364676398625,352.403195002298
14,"I",0.666666666666667,"Q + gaze",0.346666666666667,183.319514231503,0.111574435929538,0.36929679428649,0.661017024297789,124.088613495773,228.314581506525,0.37817539168431,1.2364676398625,352.403195002298
14,"I",0.666666666666667,"softmax(Q)",0.387083333333333,183.319514231503,0.111574435929538,0.36929679428649,0.661017024297789,124.088613495773,228.314581506525,0.37817539168431,1.2364676398625,352.403195002298
14,"I",0.666666666666667,"softmax(Q * gaze)",0.498333333333333,183.319514231503,0.111574435929538,0.36929679428649,0.661017024297789,124.088613495773,228.314581506525,0.37817539168431,1.2364676398625,352.403195002298
14,"I",0.666666666666667,"softmax(Q) * gaze",0.503333333333333,183.319514231503,0.111574435929538,0.36929679428649,0.661017024297789,124.088613495773,228.314581506525,0.37817539168431,1.2364676398625,352.403195002298
14,"I",0.666666666666667,"softmax(Q) + gaze",0.377083333333333,183.319514231503,0.111574435929538,0.36929679428649,0.661017024297789,124.088613495773,228.314581506525,0.37817539168431,1.2364676398625,352.403195002298
14,"I",0.666666666666667,"softmax(Q + gaze)",0.42125,183.319514231503,0.111574435929538,0.36929679428649,0.661017024297789,124.088613495773,228.314581506525,0.37817539168431,1.2364676398625,352.403195002298
16,"I",0.291666666666667,"Q",0.17625,136.799111598396,0.383513157847982,0.320484698420113,0.360985068972593,73.945942633327,224.946503968781,0.85305513429727,1.79985957748115,298.892446602108
16,"I",0.291666666666667,"Q * gaze",0.315416666666667,136.799111598396,0.383513157847982,0.320484698420113,0.360985068972593,73.945942633327,224.946503968781,0.85305513429727,1.79985957748115,298.892446602108
16,"I",0.291666666666667,"Q + gaze",0.15875,136.799111598396,0.383513157847982,0.320484698420113,0.360985068972593,73.945942633327,224.946503968781,0.85305513429727,1.79985957748115,298.892446602108
16,"I",0.291666666666667,"softmax(Q)",0.132083333333333,136.799111598396,0.383513157847982,0.320484698420113,0.360985068972593,73.945942633327,224.946503968781,0.85305513429727,1.79985957748115,298.892446602108
16,"I",0.291666666666667,"softmax(Q * gaze)",0.250833333333333,136.799111598396,0.383513157847982,0.320484698420113,0.360985068972593,73.945942633327,224.946503968781,0.85305513429727,1.79985957748115,298.892446602108
16,"I",0.291666666666667,"softmax(Q) * gaze",0.279583333333333,136.799111598396,0.383513157847982,0.320484698420113,0.360985068972593,73.945942633327,224.946503968781,0.85305513429727,1.79985957748115,298.892446602108
16,"I",0.291666666666667,"softmax(Q) + gaze",0.120833333333333,136.799111598396,0.383513157847982,0.320484698420113,0.360985068972593,73.945942633327,224.946503968781,0.85305513429727,1.79985957748115,298.892446602108
16,"I",0.291666666666667,"softmax(Q + gaze)",0.152916666666667,136.799111598396,0.383513157847982,0.320484698420113,0.360985068972593,73.945942633327,224.946503968781,0.85305513429727,1.79985957748115,298.892446602108
17,"I",0.25,"Q",0.250416666666667,136.991774945952,0.339937405357446,0.323804997330693,0.463588833708884,98.7348144356893,468.52592713088,0.578948612331778,1.71213397896519,567.26074156657
17,"I",0.25,"Q * gaze",0.3675,136.991774945952,0.339937405357446,0.323804997330693,0.463588833708884,98.7348144356893,468.52592713088,0.578948612331778,1.71213397896519,567.26074156657
17,"I",0.25,"Q + gaze",0.255,136.991774945952,0.339937405357446,0.323804997330693,0.463588833708884,98.7348144356893,468.52592713088,0.578948612331778,1.71213397896519,567.26074156657
17,"I",0.25,"softmax(Q)",0.28,136.991774945952,0.339937405357446,0.323804997330693,0.463588833708884,98.7348144356893,468.52592713088,0.578948612331778,1.71213397896519,567.26074156657
17,"I",0.25,"softmax(Q * gaze)",0.325416666666667,136.991774945952,0.339937405357446,0.323804997330693,0.463588833708884,98.7348144356893,468.52592713088,0.578948612331778,1.71213397896519,567.26074156657
17,"I",0.25,"softmax(Q) * gaze",0.245833333333333,136.991774945952,0.339937405357446,0.323804997330693,0.463588833708884,98.7348144356893,468.52592713088,0.578948612331778,1.71213397896519,567.26074156657
17,"I",0.25,"softmax(Q) + gaze",0.194166666666667,136.991774945952,0.339937405357446,0.323804997330693,0.463588833708884,98.7348144356893,468.52592713088,0.578948612331778,1.71213397896519,567.26074156657
17,"I",0.25,"softmax(Q + gaze)",0.334166666666667,136.991774945952,0.339937405357446,0.323804997330693,0.463588833708884,98.7348144356893,468.52592713088,0.578948612331778,1.71213397896519,567.26074156657
18,"I",0,"Q",0.0883333333333333,108.971344537227,0.0684748119994923,0.352175999064265,0.345804732543162,199.201391653315,419.411668073207,0.994770917621067,3.99737764760273,618.613059726522
18,"I",0,"Q * gaze",0.11625,108.971344537227,0.0684748119994923,0.352175999064265,0.345804732543162,199.201391653315,419.411668073207,0.994770917621067,3.99737764760273,618.613059726522
18,"I",0,"Q + gaze",0.11375,108.971344537227,0.0684748119994923,0.352175999064265,0.345804732543162,199.201391653315,419.411668073207,0.994770917621067,3.99737764760273,618.613059726522
18,"I",0,"softmax(Q)",0.02125,108.971344537227,0.0684748119994923,0.352175999064265,0.345804732543162,199.201391653315,419.411668073207,0.994770917621067,3.99737764760273,618.613059726522
18,"I",0,"softmax(Q * gaze)",0.0570833333333333,108.971344537227,0.0684748119994923,0.352175999064265,0.345804732543162,199.201391653315,419.411668073207,0.994770917621067,3.99737764760273,618.613059726522
18,"I",0,"softmax(Q) * gaze",0.0591666666666667,108.971344537227,0.0684748119994923,0.352175999064265,0.345804732543162,199.201391653315,419.411668073207,0.994770917621067,3.99737764760273,618.613059726522
18,"I",0,"softmax(Q) + gaze",0.0404166666666667,108.971344537227,0.0684748119994923,0.352175999064265,0.345804732543162,199.201391653315,419.411668073207,0.994770917621067,3.99737764760273,618.613059726522
18,"I",0,"softmax(Q + gaze)",0.0279166666666667,108.971344537227,0.0684748119994923,0.352175999064265,0.345804732543162,199.201391653315,419.411668073207,0.994770917621067,3.99737764760273,618.613059726522
19,"I",0.166666666666667,"Q",0.12,86.7896106185698,0.151316983978225,0.283136285615892,0.0874123239264536,220.305646946694,284.612993390774,0.900621223002014,6.44997332068038,504.918640337469
19,"I",0.166666666666667,"Q * gaze",0.188333333333333,86.7896106185698,0.151316983978225,0.283136285615892,0.0874123239264536,220.305646946694,284.612993390774,0.900621223002014,6.44997332068038,504.918640337469
19,"I",0.166666666666667,"Q + gaze",0.13875,86.7896106185698,0.151316983978225,0.283136285615892,0.0874123239264536,220.305646946694,284.612993390774,0.900621223002014,6.44997332068038,504.918640337469
19,"I",0.166666666666667,"softmax(Q)",0.0379166666666667,86.7896106185698,0.151316983978225,0.283136285615892,0.0874123239264536,220.305646946694,284.612993390774,0.900621223002014,6.44997332068038,504.918640337469
19,"I",0.166666666666667,"softmax(Q * gaze)",0.124583333333333,86.7896106185698,0.151316983978225,0.283136285615892,0.0874123239264536,220.305646946694,284.612993390774,0.900621223002014,6.44997332068038,504.918640337469
19,"I",0.166666666666667,"softmax(Q) * gaze",0.0808333333333333,86.7896106185698,0.151316983978225,0.283136285615892,0.0874123239264536,220.305646946694,284.612993390774,0.900621223002014,6.44997332068038,504.918640337469
19,"I",0.166666666666667,"softmax(Q) + gaze",0.0404166666666667,86.7896106185698,0.151316983978225,0.283136285615892,0.0874123239264536,220.305646946694,284.612993390774,0.900621223002014,6.44997332068038,504.918640337469
19,"I",0.166666666666667,"softmax(Q + gaze)",0.0383333333333333,86.7896106185698,0.151316983978225,0.283136285615892,0.0874123239264536,220.305646946694,284.612993390774,0.900621223002014,6.44997332068038,504.918640337469
20,"I",0.0416666666666667,"Q",0.16875,105.92172395944,0.130380094742436,0.36508113254738,0.972451580041633,246.05122858001,293.621793191478,0.80484677748473,2.29864231945023,539.673021771488
20,"I",0.0416666666666667,"Q * gaze",0.167916666666667,105.92172395944,0.130380094742436,0.36508113254738,0.972451580041633,246.05122858001,293.621793191478,0.80484677748473,2.29864231945023,539.673021771488
20,"I",0.0416666666666667,"Q + gaze",0.1475,105.92172395944,0.130380094742436,0.36508113254738,0.972451580041633,246.05122858001,293.621793191478,0.80484677748473,2.29864231945023,539.673021771488
20,"I",0.0416666666666667,"softmax(Q)",0.0920833333333333,105.92172395944,0.130380094742436,0.36508113254738,0.972451580041633,246.05122858001,293.621793191478,0.80484677748473,2.29864231945023,539.673021771488
20,"I",0.0416666666666667,"softmax(Q * gaze)",0.0970833333333333,105.92172395944,0.130380094742436,0.36508113254738,0.972451580041633,246.05122858001,293.621793191478,0.80484677748473,2.29864231945023,539.673021771488
20,"I",0.0416666666666667,"softmax(Q) * gaze",0.120416666666667,105.92172395944,0.130380094742436,0.36508113254738,0.972451580041633,246.05122858001,293.621793191478,0.80484677748473,2.29864231945023,539.673021771488
20,"I",0.0416666666666667,"softmax(Q) + gaze",0.104583333333333,105.92172395944,0.130380094742436,0.36508113254738,0.972451580041633,246.05122858001,293.621793191478,0.80484677748473,2.29864231945023,539.673021771488
20,"I",0.0416666666666667,"softmax(Q + gaze)",0.08625,105.92172395944,0.130380094742436,0.36508113254738,0.972451580041633,246.05122858001,293.621793191478,0.80484677748473,2.29864231945023,539.673021771488
22,"I",0,"Q",0.158333333333333,125.074942380436,0.0158846308713893,0.42528651683081,0.11667881168546,174.668032668213,466.808424940239,0.744352495469595,14.0717805365356,641.476457608452
22,"I",0,"Q * gaze",0.2075,125.074942380436,0.0158846308713893,0.42528651683081,0.11667881168546,174.668032668213,466.808424940239,0.744352495469595,14.0717805365356,641.476457608452
22,"I",0,"Q + gaze",0.1575,125.074942380436,0.0158846308713893,0.42528651683081,0.11667881168546,174.668032668213,466.808424940239,0.744352495469595,14.0717805365356,641.476457608452
22,"I",0,"softmax(Q)",0.0241666666666667,125.074942380436,0.0158846308713893,0.42528651683081,0.11667881168546,174.668032668213,466.808424940239,0.744352495469595,14.0717805365356,641.476457608452
22,"I",0,"softmax(Q * gaze)",0.127083333333333,125.074942380436,0.0158846308713893,0.42528651683081,0.11667881168546,174.668032668213,466.808424940239,0.744352495469595,14.0717805365356,641.476457608452
22,"I",0,"softmax(Q) * gaze",0.08625,125.074942380436,0.0158846308713893,0.42528651683081,0.11667881168546,174.668032668213,466.808424940239,0.744352495469595,14.0717805365356,641.476457608452
22,"I",0,"softmax(Q) + gaze",0.03875,125.074942380436,0.0158846308713893,0.42528651683081,0.11667881168546,174.668032668213,466.808424940239,0.744352495469595,14.0717805365356,641.476457608452
22,"I",0,"softmax(Q + gaze)",0.0241666666666667,125.074942380436,0.0158846308713893,0.42528651683081,0.11667881168546,174.668032668213,466.808424940239,0.744352495469595,14.0717805365356,641.476457608452
23,"I",0,"Q",0.133333333333333,90.1713507940279,0.52656779710049,0.27442713143296,0.268706209213044,145.293548991842,222.232961544596,0.961050400139571,3.42012654463525,367.526510536437
23,"I",0,"Q * gaze",0.2775,90.1713507940279,0.52656779710049,0.27442713143296,0.268706209213044,145.293548991842,222.232961544596,0.961050400139571,3.42012654463525,367.526510536437
23,"I",0,"Q + gaze",0.139166666666667,90.1713507940279,0.52656779710049,0.27442713143296,0.268706209213044,145.293548991842,222.232961544596,0.961050400139571,3.42012654463525,367.526510536437
23,"I",0,"softmax(Q)",0.0341666666666667,90.1713507940279,0.52656779710049,0.27442713143296,0.268706209213044,145.293548991842,222.232961544596,0.961050400139571,3.42012654463525,367.526510536437
23,"I",0,"softmax(Q * gaze)",0.204166666666667,90.1713507940279,0.52656779710049,0.27442713143296,0.268706209213044,145.293548991842,222.232961544596,0.961050400139571,3.42012654463525,367.526510536437
23,"I",0,"softmax(Q) * gaze",0.22,90.1713507940279,0.52656779710049,0.27442713143296,0.268706209213044,145.293548991842,222.232961544596,0.961050400139571,3.42012654463525,367.526510536437
23,"I",0,"softmax(Q) + gaze",0.0395833333333333,90.1713507940279,0.52656779710049,0.27442713143296,0.268706209213044,145.293548991842,222.232961544596,0.961050400139571,3.42012654463525,367.526510536437
23,"I",0,"softmax(Q + gaze)",0.07125,90.1713507940279,0.52656779710049,0.27442713143296,0.268706209213044,145.293548991842,222.232961544596,0.961050400139571,3.42012654463525,367.526510536437
24,"I",0.291666666666667,"Q",0.279583333333333,98.1955082733255,0.0560625711247334,0.224820355117382,0.782564820650488,137.396444565341,146.003412809582,0.907572508586865,3.4072223140302,283.399857374923
24,"I",0.291666666666667,"Q * gaze",0.46125,98.1955082733255,0.0560625711247334,0.224820355117382,0.782564820650488,137.396444565341,146.003412809582,0.907572508586865,3.4072223140302,283.399857374923
24,"I",0.291666666666667,"Q + gaze",0.39375,98.1955082733255,0.0560625711247334,0.224820355117382,0.782564820650488,137.396444565341,146.003412809582,0.907572508586865,3.4072223140302,283.399857374923
24,"I",0.291666666666667,"softmax(Q)",0.178333333333333,98.1955082733255,0.0560625711247334,0.224820355117382,0.782564820650488,137.396444565341,146.003412809582,0.907572508586865,3.4072223140302,283.399857374923
24,"I",0.291666666666667,"softmax(Q * gaze)",0.287083333333333,98.1955082733255,0.0560625711247334,0.224820355117382,0.782564820650488,137.396444565341,146.003412809582,0.907572508586865,3.4072223140302,283.399857374923
24,"I",0.291666666666667,"softmax(Q) * gaze",0.4325,98.1955082733255,0.0560625711247334,0.224820355117382,0.782564820650488,137.396444565341,146.003412809582,0.907572508586865,3.4072223140302,283.399857374923
24,"I",0.291666666666667,"softmax(Q) + gaze",0.314166666666667,98.1955082733255,0.0560625711247334,0.224820355117382,0.782564820650488,137.396444565341,146.003412809582,0.907572508586865,3.4072223140302,283.399857374923
24,"I",0.291666666666667,"softmax(Q + gaze)",0.260833333333333,98.1955082733255,0.0560625711247334,0.224820355117382,0.782564820650488,137.396444565341,146.003412809582,0.907572508586865,3.4072223140302,283.399857374923
25,"I",0.666666666666667,"Q",0.43,103.957475513886,0.281023429129509,0.471626128781834,0.606593400893517,156.703947978657,437.775564234559,0.169854195578092,2.52222773375227,594.479512213216
25,"I",0.666666666666667,"Q * gaze",0.491666666666667,103.957475513886,0.281023429129509,0.471626128781834,0.606593400893517,156.703947978657,437.775564234559,0.169854195578092,2.52222773375227,594.479512213216
25,"I",0.666666666666667,"Q + gaze",0.417916666666667,103.957475513886,0.281023429129509,0.471626128781834,0.606593400893517,156.703947978657,437.775564234559,0.169854195578092,2.52222773375227,594.479512213216
25,"I",0.666666666666667,"softmax(Q)",0.601666666666667,103.957475513886,0.281023429129509,0.471626128781834,0.606593400893517,156.703947978657,437.775564234559,0.169854195578092,2.52222773375227,594.479512213216
25,"I",0.666666666666667,"softmax(Q * gaze)",0.516666666666667,103.957475513886,0.281023429129509,0.471626128781834,0.606593400893517,156.703947978657,437.775564234559,0.169854195578092,2.52222773375227,594.479512213216
25,"I",0.666666666666667,"softmax(Q) * gaze",0.607083333333333,103.957475513886,0.281023429129509,0.471626128781834,0.606593400893517,156.703947978657,437.775564234559,0.169854195578092,2.52222773375227,594.479512213216
25,"I",0.666666666666667,"softmax(Q) + gaze",0.607083333333333,103.957475513886,0.281023429129509,0.471626128781834,0.606593400893517,156.703947978657,437.775564234559,0.169854195578092,2.52222773375227,594.479512213216
25,"I",0.666666666666667,"softmax(Q + gaze)",0.606666666666667,103.957475513886,0.281023429129509,0.471626128781834,0.606593400893517,156.703947978657,437.775564234559,0.169854195578092,2.52222773375227,594.479512213216
26,"I",0.0416666666666667,"Q",0.323333333333333,92.1118376900805,0.00635138822136474,0.350320273301291,0.267096626385695,131.341202422023,771.360438196883,0.97455294568921,6.30966930625515,902.701640618906
26,"I",0.0416666666666667,"Q * gaze",0.34,92.1118376900805,0.00635138822136474,0.350320273301291,0.267096626385695,131.341202422023,771.360438196883,0.97455294568921,6.30966930625515,902.701640618906
26,"I",0.0416666666666667,"Q + gaze",0.305833333333333,92.1118376900805,0.00635138822136474,0.350320273301291,0.267096626385695,131.341202422023,771.360438196883,0.97455294568921,6.30966930625515,902.701640618906
26,"I",0.0416666666666667,"softmax(Q)",0.292083333333333,92.1118376900805,0.00635138822136474,0.350320273301291,0.267096626385695,131.341202422023,771.360438196883,0.97455294568921,6.30966930625515,902.701640618906
26,"I",0.0416666666666667,"softmax(Q * gaze)",0.243333333333333,92.1118376900805,0.00635138822136474,0.350320273301291,0.267096626385695,131.341202422023,771.360438196883,0.97455294568921,6.30966930625515,902.701640618906
26,"I",0.0416666666666667,"softmax(Q) * gaze",0.2975,92.1118376900805,0.00635138822136474,0.350320273301291,0.267096626385695,131.341202422023,771.360438196883,0.97455294568921,6.30966930625515,902.701640618906
26,"I",0.0416666666666667,"softmax(Q) + gaze",0.281666666666667,92.1118376900805,0.00635138822136474,0.350320273301291,0.267096626385695,131.341202422023,771.360438196883,0.97455294568921,6.30966930625515,902.701640618906
26,"I",0.0416666666666667,"softmax(Q + gaze)",0.25875,92.1118376900805,0.00635138822136474,0.350320273301291,0.267096626385695,131.341202422023,771.360438196883,0.97455294568921,6.30966930625515,902.701640618906
28,"I",0.333333333333333,"Q",0.190833333333333,116.881821289287,0.110424528888526,0.255971600371582,0.363217639465858,84.7151388160591,231.908063034911,0.981592049213779,3.52429102982858,316.62320185097
28,"I",0.333333333333333,"Q * gaze",0.332083333333333,116.881821289287,0.110424528888526,0.255971600371582,0.363217639465858,84.7151388160591,231.908063034911,0.981592049213779,3.52429102982858,316.62320185097
28,"I",0.333333333333333,"Q + gaze",0.202083333333333,116.881821289287,0.110424528888526,0.255971600371582,0.363217639465858,84.7151388160591,231.908063034911,0.981592049213779,3.52429102982858,316.62320185097
28,"I",0.333333333333333,"softmax(Q)",0.09625,116.881821289287,0.110424528888526,0.255971600371582,0.363217639465858,84.7151388160591,231.908063034911,0.981592049213779,3.52429102982858,316.62320185097
28,"I",0.333333333333333,"softmax(Q * gaze)",0.300833333333333,116.881821289287,0.110424528888526,0.255971600371582,0.363217639465858,84.7151388160591,231.908063034911,0.981592049213779,3.52429102982858,316.62320185097
28,"I",0.333333333333333,"softmax(Q) * gaze",0.262916666666667,116.881821289287,0.110424528888526,0.255971600371582,0.363217639465858,84.7151388160591,231.908063034911,0.981592049213779,3.52429102982858,316.62320185097
28,"I",0.333333333333333,"softmax(Q) + gaze",0.0966666666666667,116.881821289287,0.110424528888526,0.255971600371582,0.363217639465858,84.7151388160591,231.908063034911,0.981592049213779,3.52429102982858,316.62320185097
28,"I",0.333333333333333,"softmax(Q + gaze)",0.0975,116.881821289287,0.110424528888526,0.255971600371582,0.363217639465858,84.7151388160591,231.908063034911,0.981592049213779,3.52429102982858,316.62320185097
29,"I",0.833333333333333,"Q",0.38375,133.587302951362,0.616906211909509,0.346399056295086,0.596007435220253,156.474499674383,404.154230617731,0.214315163938302,3.61313730033007,560.628730292114
29,"I",0.833333333333333,"Q * gaze",0.427916666666667,133.587302951362,0.616906211909509,0.346399056295086,0.596007435220253,156.474499674383,404.154230617731,0.214315163938302,3.61313730033007,560.628730292114
29,"I",0.833333333333333,"Q + gaze",0.432916666666667,133.587302951362,0.616906211909509,0.346399056295086,0.596007435220253,156.474499674383,404.154230617731,0.214315163938302,3.61313730033007,560.628730292114
29,"I",0.833333333333333,"softmax(Q)",0.614166666666667,133.587302951362,0.616906211909509,0.346399056295086,0.596007435220253,156.474499674383,404.154230617731,0.214315163938302,3.61313730033007,560.628730292114
29,"I",0.833333333333333,"softmax(Q * gaze)",0.505416666666667,133.587302951362,0.616906211909509,0.346399056295086,0.596007435220253,156.474499674383,404.154230617731,0.214315163938302,3.61313730033007,560.628730292114
29,"I",0.833333333333333,"softmax(Q) * gaze",0.50875,133.587302951362,0.616906211909509,0.346399056295086,0.596007435220253,156.474499674383,404.154230617731,0.214315163938302,3.61313730033007,560.628730292114
29,"I",0.833333333333333,"softmax(Q) + gaze",0.694166666666667,133.587302951362,0.616906211909509,0.346399056295086,0.596007435220253,156.474499674383,404.154230617731,0.214315163938302,3.61313730033007,560.628730292114
29,"I",0.833333333333333,"softmax(Q + gaze)",0.567083333333333,133.587302951362,0.616906211909509,0.346399056295086,0.596007435220253,156.474499674383,404.154230617731,0.214315163938302,3.61313730033007,560.628730292114
31,"I",0.375,"Q",0.2,81.9160176439355,0.12549842576977,0.328892590531714,0.622036963804887,158.753293881492,291.996493861136,0.427841722520455,3.77148775597151,450.749787742628
31,"I",0.375,"Q * gaze",0.31875,81.9160176439355,0.12549842576977,0.328892590531714,0.622036963804887,158.753293881492,291.996493861136,0.427841722520455,3.77148775597151,450.749787742628
31,"I",0.375,"Q + gaze",0.337916666666667,81.9160176439355,0.12549842576977,0.328892590531714,0.622036963804887,158.753293881492,291.996493861136,0.427841722520455,3.77148775597151,450.749787742628
31,"I",0.375,"softmax(Q)",0.189583333333333,81.9160176439355,0.12549842576977,0.328892590531714,0.622036963804887,158.753293881492,291.996493861136,0.427841722520455,3.77148775597151,450.749787742628
31,"I",0.375,"softmax(Q * gaze)",0.284583333333333,81.9160176439355,0.12549842576977,0.328892590531714,0.622036963804887,158.753293881492,291.996493861136,0.427841722520455,3.77148775597151,450.749787742628
31,"I",0.375,"softmax(Q) * gaze",0.319583333333333,81.9160176439355,0.12549842576977,0.328892590531714,0.622036963804887,158.753293881492,291.996493861136,0.427841722520455,3.77148775597151,450.749787742628
31,"I",0.375,"softmax(Q) + gaze",0.214583333333333,81.9160176439355,0.12549842576977,0.328892590531714,0.622036963804887,158.753293881492,291.996493861136,0.427841722520455,3.77148775597151,450.749787742628
31,"I",0.375,"softmax(Q + gaze)",0.275416666666667,81.9160176439355,0.12549842576977,0.328892590531714,0.622036963804887,158.753293881492,291.996493861136,0.427841722520455,3.77148775597151,450.749787742628
32,"I",0.416666666666667,"Q",0.258333333333333,77.7057497870627,0.146219690599126,0.326583510487708,1.03362906110447,129.80884169778,151.308404345446,0.657927564526948,2.06136732627423,281.117246043225
32,"I",0.416666666666667,"Q * gaze",0.482916666666667,77.7057497870627,0.146219690599126,0.326583510487708,1.03362906110447,129.80884169778,151.308404345446,0.657927564526948,2.06136732627423,281.117246043225
32,"I",0.416666666666667,"Q + gaze",0.414583333333333,77.7057497870627,0.146219690599126,0.326583510487708,1.03362906110447,129.80884169778,151.308404345446,0.657927564526948,2.06136732627423,281.117246043225
32,"I",0.416666666666667,"softmax(Q)",0.24,77.7057497870627,0.146219690599126,0.326583510487708,1.03362906110447,129.80884169778,151.308404345446,0.657927564526948,2.06136732627423,281.117246043225
32,"I",0.416666666666667,"softmax(Q * gaze)",0.421666666666667,77.7057497870627,0.146219690599126,0.326583510487708,1.03362906110447,129.80884169778,151.308404345446,0.657927564526948,2.06136732627423,281.117246043225
32,"I",0.416666666666667,"softmax(Q) * gaze",0.4725,77.7057497870627,0.146219690599126,0.326583510487708,1.03362906110447,129.80884169778,151.308404345446,0.657927564526948,2.06136732627423,281.117246043225
32,"I",0.416666666666667,"softmax(Q) + gaze",0.340416666666667,77.7057497870627,0.146219690599126,0.326583510487708,1.03362906110447,129.80884169778,151.308404345446,0.657927564526948,2.06136732627423,281.117246043225
32,"I",0.416666666666667,"softmax(Q + gaze)",0.402916666666667,77.7057497870627,0.146219690599126,0.326583510487708,1.03362906110447,129.80884169778,151.308404345446,0.657927564526948,2.06136732627423,281.117246043225
33,"I",0.958333333333333,"Q",0.336666666666667,87.09689105905,0.13864916091027,0.349717984489465,0.0434490225613354,148.044235279362,210.146755957837,0.0631148247995346,21.8053590183627,358.190991237199
33,"I",0.958333333333333,"Q * gaze",0.387916666666667,87.09689105905,0.13864916091027,0.349717984489465,0.0434490225613354,148.044235279362,210.146755957837,0.0631148247995346,21.8053590183627,358.190991237199
33,"I",0.958333333333333,"Q + gaze",0.345416666666667,87.09689105905,0.13864916091027,0.349717984489465,0.0434490225613354,148.044235279362,210.146755957837,0.0631148247995346,21.8053590183627,358.190991237199
33,"I",0.958333333333333,"softmax(Q)",0.932083333333333,87.09689105905,0.13864916091027,0.349717984489465,0.0434490225613354,148.044235279362,210.146755957837,0.0631148247995346,21.8053590183627,358.190991237199
33,"I",0.958333333333333,"softmax(Q * gaze)",0.44,87.09689105905,0.13864916091027,0.349717984489465,0.0434490225613354,148.044235279362,210.146755957837,0.0631148247995346,21.8053590183627,358.190991237199
33,"I",0.958333333333333,"softmax(Q) * gaze",0.82125,87.09689105905,0.13864916091027,0.349717984489465,0.0434490225613354,148.044235279362,210.146755957837,0.0631148247995346,21.8053590183627,358.190991237199
33,"I",0.958333333333333,"softmax(Q) + gaze",0.89375,87.09689105905,0.13864916091027,0.349717984489465,0.0434490225613354,148.044235279362,210.146755957837,0.0631148247995346,21.8053590183627,358.190991237199
33,"I",0.958333333333333,"softmax(Q + gaze)",0.915,87.09689105905,0.13864916091027,0.349717984489465,0.0434490225613354,148.044235279362,210.146755957837,0.0631148247995346,21.8053590183627,358.190991237199
34,"I",0.75,"Q",0.31,133.503447995729,0.157133325854197,0.315720010867852,0.215745651794501,74.8546481776604,224.325732368519,0.20759764444971,5.3935209044824,299.180380546179
34,"I",0.75,"Q * gaze",0.374166666666667,133.503447995729,0.157133325854197,0.315720010867852,0.215745651794501,74.8546481776604,224.325732368519,0.20759764444971,5.3935209044824,299.180380546179
34,"I",0.75,"Q + gaze",0.325416666666667,133.503447995729,0.157133325854197,0.315720010867852,0.215745651794501,74.8546481776604,224.325732368519,0.20759764444971,5.3935209044824,299.180380546179
34,"I",0.75,"softmax(Q)",0.552083333333333,133.503447995729,0.157133325854197,0.315720010867852,0.215745651794501,74.8546481776604,224.325732368519,0.20759764444971,5.3935209044824,299.180380546179
34,"I",0.75,"softmax(Q * gaze)",0.3525,133.503447995729,0.157133325854197,0.315720010867852,0.215745651794501,74.8546481776604,224.325732368519,0.20759764444971,5.3935209044824,299.180380546179
34,"I",0.75,"softmax(Q) * gaze",0.436666666666667,133.503447995729,0.157133325854197,0.315720010867852,0.215745651794501,74.8546481776604,224.325732368519,0.20759764444971,5.3935209044824,299.180380546179
34,"I",0.75,"softmax(Q) + gaze",0.567916666666667,133.503447995729,0.157133325854197,0.315720010867852,0.215745651794501,74.8546481776604,224.325732368519,0.20759764444971,5.3935209044824,299.180380546179
34,"I",0.75,"softmax(Q + gaze)",0.55625,133.503447995729,0.157133325854197,0.315720010867852,0.215745651794501,74.8546481776604,224.325732368519,0.20759764444971,5.3935209044824,299.180380546179
35,"I",0.625,"Q",0.388333333333333,126.703767609069,0.0347171513062413,0.304000738489148,0.0997994948604355,95.7726172896354,166.87707501243,0.162944005557935,5.22724925534546,262.649692302066
35,"I",0.625,"Q * gaze",0.5,126.703767609069,0.0347171513062413,0.304000738489148,0.0997994948604355,95.7726172896354,166.87707501243,0.162944005557935,5.22724925534546,262.649692302066
35,"I",0.625,"Q + gaze",0.385,126.703767609069,0.0347171513062413,0.304000738489148,0.0997994948604355,95.7726172896354,166.87707501243,0.162944005557935,5.22724925534546,262.649692302066
35,"I",0.625,"softmax(Q)",0.58875,126.703767609069,0.0347171513062413,0.304000738489148,0.0997994948604355,95.7726172896354,166.87707501243,0.162944005557935,5.22724925534546,262.649692302066
35,"I",0.625,"softmax(Q * gaze)",0.507083333333333,126.703767609069,0.0347171513062413,0.304000738489148,0.0997994948604355,95.7726172896354,166.87707501243,0.162944005557935,5.22724925534546,262.649692302066
35,"I",0.625,"softmax(Q) * gaze",0.510833333333333,126.703767609069,0.0347171513062413,0.304000738489148,0.0997994948604355,95.7726172896354,166.87707501243,0.162944005557935,5.22724925534546,262.649692302066
35,"I",0.625,"softmax(Q) + gaze",0.609166666666667,126.703767609069,0.0347171513062413,0.304000738489148,0.0997994948604355,95.7726172896354,166.87707501243,0.162944005557935,5.22724925534546,262.649692302066
35,"I",0.625,"softmax(Q + gaze)",0.609583333333333,126.703767609069,0.0347171513062413,0.304000738489148,0.0997994948604355,95.7726172896354,166.87707501243,0.162944005557935,5.22724925534546,262.649692302066
38,"I",0,"Q",0.07375,107.334500161533,0.101165056003449,0.440350385768761,0.379280277401601,151.444414389318,147.621485797911,0.997440663376031,2.56864010888787,299.065900187229
38,"I",0,"Q * gaze",0.200833333333333,107.334500161533,0.101165056003449,0.440350385768761,0.379280277401601,151.444414389318,147.621485797911,0.997440663376031,2.56864010888787,299.065900187229
38,"I",0,"Q + gaze",0.119166666666667,107.334500161533,0.101165056003449,0.440350385768761,0.379280277401601,151.444414389318,147.621485797911,0.997440663376031,2.56864010888787,299.065900187229
38,"I",0,"softmax(Q)",0.0375,107.334500161533,0.101165056003449,0.440350385768761,0.379280277401601,151.444414389318,147.621485797911,0.997440663376031,2.56864010888787,299.065900187229
38,"I",0,"softmax(Q * gaze)",0.167083333333333,107.334500161533,0.101165056003449,0.440350385768761,0.379280277401601,151.444414389318,147.621485797911,0.997440663376031,2.56864010888787,299.065900187229
38,"I",0,"softmax(Q) * gaze",0.149166666666667,107.334500161533,0.101165056003449,0.440350385768761,0.379280277401601,151.444414389318,147.621485797911,0.997440663376031,2.56864010888787,299.065900187229
38,"I",0,"softmax(Q) + gaze",0.0504166666666667,107.334500161533,0.101165056003449,0.440350385768761,0.379280277401601,151.444414389318,147.621485797911,0.997440663376031,2.56864010888787,299.065900187229
38,"I",0,"softmax(Q + gaze)",0.0441666666666667,107.334500161533,0.101165056003449,0.440350385768761,0.379280277401601,151.444414389318,147.621485797911,0.997440663376031,2.56864010888787,299.065900187229
40,"I",0.708333333333333,"Q",0.337083333333333,165.428188356114,0.431730074013859,0.467748971778058,0.290071419775734,140.783162787564,215.751079530753,0.443757961361978,2.34211881856242,356.534242318317
40,"I",0.708333333333333,"Q * gaze",0.462083333333333,165.428188356114,0.431730074013859,0.467748971778058,0.290071419775734,140.783162787564,215.751079530753,0.443757961361978,2.34211881856242,356.534242318317
40,"I",0.708333333333333,"Q + gaze",0.33,165.428188356114,0.431730074013859,0.467748971778058,0.290071419775734,140.783162787564,215.751079530753,0.443757961361978,2.34211881856242,356.534242318317
40,"I",0.708333333333333,"softmax(Q)",0.413333333333333,165.428188356114,0.431730074013859,0.467748971778058,0.290071419775734,140.783162787564,215.751079530753,0.443757961361978,2.34211881856242,356.534242318317
40,"I",0.708333333333333,"softmax(Q * gaze)",0.453333333333333,165.428188356114,0.431730074013859,0.467748971778058,0.290071419775734,140.783162787564,215.751079530753,0.443757961361978,2.34211881856242,356.534242318317
40,"I",0.708333333333333,"softmax(Q) * gaze",0.625416666666667,165.428188356114,0.431730074013859,0.467748971778058,0.290071419775734,140.783162787564,215.751079530753,0.443757961361978,2.34211881856242,356.534242318317
40,"I",0.708333333333333,"softmax(Q) + gaze",0.397916666666667,165.428188356114,0.431730074013859,0.467748971778058,0.290071419775734,140.783162787564,215.751079530753,0.443757961361978,2.34211881856242,356.534242318317
40,"I",0.708333333333333,"softmax(Q + gaze)",0.440833333333333,165.428188356114,0.431730074013859,0.467748971778058,0.290071419775734,140.783162787564,215.751079530753,0.443757961361978,2.34211881856242,356.534242318317
41,"I",0.416666666666667,"Q",0.43,147.667633158147,0.00546899661973714,0.297583599985948,0.415946698009213,143.331447140194,551.018841557879,0.24735928806617,9.51162846599786,694.350288698073
41,"I",0.416666666666667,"Q * gaze",0.395416666666667,147.667633158147,0.00546899661973714,0.297583599985948,0.415946698009213,143.331447140194,551.018841557879,0.24735928806617,9.51162846599786,694.350288698073
41,"I",0.416666666666667,"Q + gaze",0.385416666666667,147.667633158147,0.00546899661973714,0.297583599985948,0.415946698009213,143.331447140194,551.018841557879,0.24735928806617,9.51162846599786,694.350288698073
41,"I",0.416666666666667,"softmax(Q)",0.511666666666667,147.667633158147,0.00546899661973714,0.297583599985948,0.415946698009213,143.331447140194,551.018841557879,0.24735928806617,9.51162846599786,694.350288698073
41,"I",0.416666666666667,"softmax(Q * gaze)",0.37625,147.667633158147,0.00546899661973714,0.297583599985948,0.415946698009213,143.331447140194,551.018841557879,0.24735928806617,9.51162846599786,694.350288698073
41,"I",0.416666666666667,"softmax(Q) * gaze",0.435,147.667633158147,0.00546899661973714,0.297583599985948,0.415946698009213,143.331447140194,551.018841557879,0.24735928806617,9.51162846599786,694.350288698073
41,"I",0.416666666666667,"softmax(Q) + gaze",0.375833333333333,147.667633158147,0.00546899661973714,0.297583599985948,0.415946698009213,143.331447140194,551.018841557879,0.24735928806617,9.51162846599786,694.350288698073
41,"I",0.416666666666667,"softmax(Q + gaze)",0.3925,147.667633158147,0.00546899661973714,0.297583599985948,0.415946698009213,143.331447140194,551.018841557879,0.24735928806617,9.51162846599786,694.350288698073
42,"I",0.708333333333333,"Q",0.429583333333333,98.988183576977,0.0849863715255845,0.391125498363851,0.355247233059688,162.225677540973,320.129782645626,0.193539861750848,5.24386102195587,482.355460186599
42,"I",0.708333333333333,"Q * gaze",0.440416666666667,98.988183576977,0.0849863715255845,0.391125498363851,0.355247233059688,162.225677540973,320.129782645626,0.193539861750848,5.24386102195587,482.355460186599
42,"I",0.708333333333333,"Q + gaze",0.451666666666667,98.988183576977,0.0849863715255845,0.391125498363851,0.355247233059688,162.225677540973,320.129782645626,0.193539861750848,5.24386102195587,482.355460186599
42,"I",0.708333333333333,"softmax(Q)",0.551666666666667,98.988183576977,0.0849863715255845,0.391125498363851,0.355247233059688,162.225677540973,320.129782645626,0.193539861750848,5.24386102195587,482.355460186599
42,"I",0.708333333333333,"softmax(Q * gaze)",0.465416666666667,98.988183576977,0.0849863715255845,0.391125498363851,0.355247233059688,162.225677540973,320.129782645626,0.193539861750848,5.24386102195587,482.355460186599
42,"I",0.708333333333333,"softmax(Q) * gaze",0.544166666666667,98.988183576977,0.0849863715255845,0.391125498363851,0.355247233059688,162.225677540973,320.129782645626,0.193539861750848,5.24386102195587,482.355460186599
42,"I",0.708333333333333,"softmax(Q) + gaze",0.5525,98.988183576977,0.0849863715255845,0.391125498363851,0.355247233059688,162.225677540973,320.129782645626,0.193539861750848,5.24386102195587,482.355460186599
42,"I",0.708333333333333,"softmax(Q + gaze)",0.58125,98.988183576977,0.0849863715255845,0.391125498363851,0.355247233059688,162.225677540973,320.129782645626,0.193539861750848,5.24386102195587,482.355460186599
43,"I",0.25,"Q",0.3225,64.0272906616121,0.00399998059085776,0.569532975098865,0.370937242858537,123.83440479755,291.752921469826,0.94894992962133,5.95630090148037,415.587326267376
43,"I",0.25,"Q * gaze",0.305833333333333,64.0272906616121,0.00399998059085776,0.569532975098865,0.370937242858537,123.83440479755,291.752921469826,0.94894992962133,5.95630090148037,415.587326267376
43,"I",0.25,"Q + gaze",0.259166666666667,64.0272906616121,0.00399998059085776,0.569532975098865,0.370937242858537,123.83440479755,291.752921469826,0.94894992962133,5.95630090148037,415.587326267376
43,"I",0.25,"softmax(Q)",0.330416666666667,64.0272906616121,0.00399998059085776,0.569532975098865,0.370937242858537,123.83440479755,291.752921469826,0.94894992962133,5.95630090148037,415.587326267376
43,"I",0.25,"softmax(Q * gaze)",0.289583333333333,64.0272906616121,0.00399998059085776,0.569532975098865,0.370937242858537,123.83440479755,291.752921469826,0.94894992962133,5.95630090148037,415.587326267376
43,"I",0.25,"softmax(Q) * gaze",0.30125,64.0272906616121,0.00399998059085776,0.569532975098865,0.370937242858537,123.83440479755,291.752921469826,0.94894992962133,5.95630090148037,415.587326267376
43,"I",0.25,"softmax(Q) + gaze",0.264166666666667,64.0272906616121,0.00399998059085776,0.569532975098865,0.370937242858537,123.83440479755,291.752921469826,0.94894992962133,5.95630090148037,415.587326267376
43,"I",0.25,"softmax(Q + gaze)",0.254166666666667,64.0272906616121,0.00399998059085776,0.569532975098865,0.370937242858537,123.83440479755,291.752921469826,0.94894992962133,5.95630090148037,415.587326267376
44,"I",0.916666666666667,"Q",0.38125,105.032722836738,0.12751782579009,0.614980247315751,0.156828881739582,289.775920636094,425.857805901211,0.071007048097004,6.35215766402181,715.633726537305
44,"I",0.916666666666667,"Q * gaze",0.465416666666667,105.032722836738,0.12751782579009,0.614980247315751,0.156828881739582,289.775920636094,425.857805901211,0.071007048097004,6.35215766402181,715.633726537305
44,"I",0.916666666666667,"Q + gaze",0.42625,105.032722836738,0.12751782579009,0.614980247315751,0.156828881739582,289.775920636094,425.857805901211,0.071007048097004,6.35215766402181,715.633726537305
44,"I",0.916666666666667,"softmax(Q)",0.81,105.032722836738,0.12751782579009,0.614980247315751,0.156828881739582,289.775920636094,425.857805901211,0.071007048097004,6.35215766402181,715.633726537305
44,"I",0.916666666666667,"softmax(Q * gaze)",0.613333333333333,105.032722836738,0.12751782579009,0.614980247315751,0.156828881739582,289.775920636094,425.857805901211,0.071007048097004,6.35215766402181,715.633726537305
44,"I",0.916666666666667,"softmax(Q) * gaze",0.820833333333333,105.032722836738,0.12751782579009,0.614980247315751,0.156828881739582,289.775920636094,425.857805901211,0.071007048097004,6.35215766402181,715.633726537305
44,"I",0.916666666666667,"softmax(Q) + gaze",0.819583333333333,105.032722836738,0.12751782579009,0.614980247315751,0.156828881739582,289.775920636094,425.857805901211,0.071007048097004,6.35215766402181,715.633726537305
44,"I",0.916666666666667,"softmax(Q + gaze)",0.838333333333333,105.032722836738,0.12751782579009,0.614980247315751,0.156828881739582,289.775920636094,425.857805901211,0.071007048097004,6.35215766402181,715.633726537305
45,"I",0.375,"Q",0.265416666666667,111.30880013788,0.008663856515113,0.36013615289702,0.49644765000996,250.366695302471,462.301916154237,0.982451943128581,6.60690542868605,712.668611456708
45,"I",0.375,"Q * gaze",0.4575,111.30880013788,0.008663856515113,0.36013615289702,0.49644765000996,250.366695302471,462.301916154237,0.982451943128581,6.60690542868605,712.668611456708
45,"I",0.375,"Q + gaze",0.449583333333333,111.30880013788,0.008663856515113,0.36013615289702,0.49644765000996,250.366695302471,462.301916154237,0.982451943128581,6.60690542868605,712.668611456708
45,"I",0.375,"softmax(Q)",0.245416666666667,111.30880013788,0.008663856515113,0.36013615289702,0.49644765000996,250.366695302471,462.301916154237,0.982451943128581,6.60690542868605,712.668611456708
45,"I",0.375,"softmax(Q * gaze)",0.355,111.30880013788,0.008663856515113,0.36013615289702,0.49644765000996,250.366695302471,462.301916154237,0.982451943128581,6.60690542868605,712.668611456708
45,"I",0.375,"softmax(Q) * gaze",0.44,111.30880013788,0.008663856515113,0.36013615289702,0.49644765000996,250.366695302471,462.301916154237,0.982451943128581,6.60690542868605,712.668611456708
45,"I",0.375,"softmax(Q) + gaze",0.38875,111.30880013788,0.008663856515113,0.36013615289702,0.49644765000996,250.366695302471,462.301916154237,0.982451943128581,6.60690542868605,712.668611456708
45,"I",0.375,"softmax(Q + gaze)",0.343333333333333,111.30880013788,0.008663856515113,0.36013615289702,0.49644765000996,250.366695302471,462.301916154237,0.982451943128581,6.60690542868605,712.668611456708
46,"I",0,"Q",0.143333333333333,141.489716324932,0.432346180759952,0.323035072421994,1.25888958467453,112.196957435789,126.616922764908,0.99466974852018,1.62585651715327,238.813880200697
46,"I",0,"Q * gaze",0.17375,141.489716324932,0.432346180759952,0.323035072421994,1.25888958467453,112.196957435789,126.616922764908,0.99466974852018,1.62585651715327,238.813880200697
46,"I",0,"Q + gaze",0.145,141.489716324932,0.432346180759952,0.323035072421994,1.25888958467453,112.196957435789,126.616922764908,0.99466974852018,1.62585651715327,238.813880200697
46,"I",0,"softmax(Q)",0.13875,141.489716324932,0.432346180759952,0.323035072421994,1.25888958467453,112.196957435789,126.616922764908,0.99466974852018,1.62585651715327,238.813880200697
46,"I",0,"softmax(Q * gaze)",0.1,141.489716324932,0.432346180759952,0.323035072421994,1.25888958467453,112.196957435789,126.616922764908,0.99466974852018,1.62585651715327,238.813880200697
46,"I",0,"softmax(Q) * gaze",0.174166666666667,141.489716324932,0.432346180759952,0.323035072421994,1.25888958467453,112.196957435789,126.616922764908,0.99466974852018,1.62585651715327,238.813880200697
46,"I",0,"softmax(Q) + gaze",0.136666666666667,141.489716324932,0.432346180759952,0.323035072421994,1.25888958467453,112.196957435789,126.616922764908,0.99466974852018,1.62585651715327,238.813880200697
46,"I",0,"softmax(Q + gaze)",0.0995833333333333,141.489716324932,0.432346180759952,0.323035072421994,1.25888958467453,112.196957435789,126.616922764908,0.99466974852018,1.62585651715327,238.813880200697
47,"I",0.458333333333333,"Q",0.2225,120.783722794811,0.241723495512081,0.495825339282518,0.322473446882797,144.762394410684,221.157488485026,0.34919289801915,3.55432238472278,365.91988289571
47,"I",0.458333333333333,"Q * gaze",0.440416666666667,120.783722794811,0.241723495512081,0.495825339282518,0.322473446882797,144.762394410684,221.157488485026,0.34919289801915,3.55432238472278,365.91988289571
47,"I",0.458333333333333,"Q + gaze",0.36125,120.783722794811,0.241723495512081,0.495825339282518,0.322473446882797,144.762394410684,221.157488485026,0.34919289801915,3.55432238472278,365.91988289571
47,"I",0.458333333333333,"softmax(Q)",0.246666666666667,120.783722794811,0.241723495512081,0.495825339282518,0.322473446882797,144.762394410684,221.157488485026,0.34919289801915,3.55432238472278,365.91988289571
47,"I",0.458333333333333,"softmax(Q * gaze)",0.3225,120.783722794811,0.241723495512081,0.495825339282518,0.322473446882797,144.762394410684,221.157488485026,0.34919289801915,3.55432238472278,365.91988289571
47,"I",0.458333333333333,"softmax(Q) * gaze",0.3375,120.783722794811,0.241723495512081,0.495825339282518,0.322473446882797,144.762394410684,221.157488485026,0.34919289801915,3.55432238472278,365.91988289571
47,"I",0.458333333333333,"softmax(Q) + gaze",0.305,120.783722794811,0.241723495512081,0.495825339282518,0.322473446882797,144.762394410684,221.157488485026,0.34919289801915,3.55432238472278,365.91988289571
47,"I",0.458333333333333,"softmax(Q + gaze)",0.30875,120.783722794811,0.241723495512081,0.495825339282518,0.322473446882797,144.762394410684,221.157488485026,0.34919289801915,3.55432238472278,365.91988289571
48,"I",0.541666666666667,"Q",0.290833333333333,123.092453621001,0.247741624089456,0.36075271333934,0.277124946877104,150.55842753283,261.004298002346,0.432038506106066,3.88044931567736,411.562725535176
48,"I",0.541666666666667,"Q * gaze",0.46375,123.092453621001,0.247741624089456,0.36075271333934,0.277124946877104,150.55842753283,261.004298002346,0.432038506106066,3.88044931567736,411.562725535176
48,"I",0.541666666666667,"Q + gaze",0.289583333333333,123.092453621001,0.247741624089456,0.36075271333934,0.277124946877104,150.55842753283,261.004298002346,0.432038506106066,3.88044931567736,411.562725535176
48,"I",0.541666666666667,"softmax(Q)",0.481666666666667,123.092453621001,0.247741624089456,0.36075271333934,0.277124946877104,150.55842753283,261.004298002346,0.432038506106066,3.88044931567736,411.562725535176
48,"I",0.541666666666667,"softmax(Q * gaze)",0.479583333333333,123.092453621001,0.247741624089456,0.36075271333934,0.277124946877104,150.55842753283,261.004298002346,0.432038506106066,3.88044931567736,411.562725535176
48,"I",0.541666666666667,"softmax(Q) * gaze",0.501666666666667,123.092453621001,0.247741624089456,0.36075271333934,0.277124946877104,150.55842753283,261.004298002346,0.432038506106066,3.88044931567736,411.562725535176
48,"I",0.541666666666667,"softmax(Q) + gaze",0.4775,123.092453621001,0.247741624089456,0.36075271333934,0.277124946877104,150.55842753283,261.004298002346,0.432038506106066,3.88044931567736,411.562725535176
48,"I",0.541666666666667,"softmax(Q + gaze)",0.451666666666667,123.092453621001,0.247741624089456,0.36075271333934,0.277124946877104,150.55842753283,261.004298002346,0.432038506106066,3.88044931567736,411.562725535176
49,"I",0.0416666666666667,"Q",0.224583333333333,69.109658236033,0.0147509978532687,0.297526794919457,0.224458739597665,166.71572589047,532.97400304046,0.622139096381588,13.8297819385118,699.689728930929
49,"I",0.0416666666666667,"Q * gaze",0.267083333333333,69.109658236033,0.0147509978532687,0.297526794919457,0.224458739597665,166.71572589047,532.97400304046,0.622139096381588,13.8297819385118,699.689728930929
49,"I",0.0416666666666667,"Q + gaze",0.25125,69.109658236033,0.0147509978532687,0.297526794919457,0.224458739597665,166.71572589047,532.97400304046,0.622139096381588,13.8297819385118,699.689728930929
49,"I",0.0416666666666667,"softmax(Q)",0.0975,69.109658236033,0.0147509978532687,0.297526794919457,0.224458739597665,166.71572589047,532.97400304046,0.622139096381588,13.8297819385118,699.689728930929
49,"I",0.0416666666666667,"softmax(Q * gaze)",0.158333333333333,69.109658236033,0.0147509978532687,0.297526794919457,0.224458739597665,166.71572589047,532.97400304046,0.622139096381588,13.8297819385118,699.689728930929
49,"I",0.0416666666666667,"softmax(Q) * gaze",0.174166666666667,69.109658236033,0.0147509978532687,0.297526794919457,0.224458739597665,166.71572589047,532.97400304046,0.622139096381588,13.8297819385118,699.689728930929
49,"I",0.0416666666666667,"softmax(Q) + gaze",0.138333333333333,69.109658236033,0.0147509978532687,0.297526794919457,0.224458739597665,166.71572589047,532.97400304046,0.622139096381588,13.8297819385118,699.689728930929
49,"I",0.0416666666666667,"softmax(Q + gaze)",0.105416666666667,69.109658236033,0.0147509978532687,0.297526794919457,0.224458739597665,166.71572589047,532.97400304046,0.622139096381588,13.8297819385118,699.689728930929
50,"I",0.208333333333333,"Q",0.2275,65.9719315272811,0.0459003695536757,0.412161565388736,0.211977820674513,167.841176920811,259.232331062605,0.498710396282313,8.70855487572643,427.073507983416
50,"I",0.208333333333333,"Q * gaze",0.305416666666667,65.9719315272811,0.0459003695536757,0.412161565388736,0.211977820674513,167.841176920811,259.232331062605,0.498710396282313,8.70855487572643,427.073507983416
50,"I",0.208333333333333,"Q + gaze",0.199583333333333,65.9719315272811,0.0459003695536757,0.412161565388736,0.211977820674513,167.841176920811,259.232331062605,0.498710396282313,8.70855487572643,427.073507983416
50,"I",0.208333333333333,"softmax(Q)",0.0891666666666667,65.9719315272811,0.0459003695536757,0.412161565388736,0.211977820674513,167.841176920811,259.232331062605,0.498710396282313,8.70855487572643,427.073507983416
50,"I",0.208333333333333,"softmax(Q * gaze)",0.151666666666667,65.9719315272811,0.0459003695536757,0.412161565388736,0.211977820674513,167.841176920811,259.232331062605,0.498710396282313,8.70855487572643,427.073507983416
50,"I",0.208333333333333,"softmax(Q) * gaze",0.208333333333333,65.9719315272811,0.0459003695536757,0.412161565388736,0.211977820674513,167.841176920811,259.232331062605,0.498710396282313,8.70855487572643,427.073507983416
50,"I",0.208333333333333,"softmax(Q) + gaze",0.0954166666666667,65.9719315272811,0.0459003695536757,0.412161565388736,0.211977820674513,167.841176920811,259.232331062605,0.498710396282313,8.70855487572643,427.073507983416
50,"I",0.208333333333333,"softmax(Q + gaze)",0.0745833333333333,65.9719315272811,0.0459003695536757,0.412161565388736,0.211977820674513,167.841176920811,259.232331062605,0.498710396282313,8.70855487572643,427.073507983416
51,"I",0.666666666666667,"Q",0.42875,95.5665817636302,0.372187985298986,0.379070303111437,0.580462573444073,222.317903692607,418.410391750436,0.14193842784139,4.36297101849876,640.728295443043
51,"I",0.666666666666667,"Q * gaze",0.57875,95.5665817636302,0.372187985298986,0.379070303111437,0.580462573444073,222.317903692607,418.410391750436,0.14193842784139,4.36297101849876,640.728295443043
51,"I",0.666666666666667,"Q + gaze",0.525833333333333,95.5665817636302,0.372187985298986,0.379070303111437,0.580462573444073,222.317903692607,418.410391750436,0.14193842784139,4.36297101849876,640.728295443043
51,"I",0.666666666666667,"softmax(Q)",0.679583333333333,95.5665817636302,0.372187985298986,0.379070303111437,0.580462573444073,222.317903692607,418.410391750436,0.14193842784139,4.36297101849876,640.728295443043
51,"I",0.666666666666667,"softmax(Q * gaze)",0.625416666666667,95.5665817636302,0.372187985298986,0.379070303111437,0.580462573444073,222.317903692607,418.410391750436,0.14193842784139,4.36297101849876,640.728295443043
51,"I",0.666666666666667,"softmax(Q) * gaze",0.7,95.5665817636302,0.372187985298986,0.379070303111437,0.580462573444073,222.317903692607,418.410391750436,0.14193842784139,4.36297101849876,640.728295443043
51,"I",0.666666666666667,"softmax(Q) + gaze",0.689166666666667,95.5665817636302,0.372187985298986,0.379070303111437,0.580462573444073,222.317903692607,418.410391750436,0.14193842784139,4.36297101849876,640.728295443043
51,"I",0.666666666666667,"softmax(Q + gaze)",0.714583333333333,95.5665817636302,0.372187985298986,0.379070303111437,0.580462573444073,222.317903692607,418.410391750436,0.14193842784139,4.36297101849876,640.728295443043
52,"I",0,"Q",0.1025,141.90120109314,0.203402491609506,0.619618546306369,0.508731414230395,205.766160226849,286.748118075484,0.663801862236055,2.15924266749512,492.514278302333
52,"I",0,"Q * gaze",0.150833333333333,141.90120109314,0.203402491609506,0.619618546306369,0.508731414230395,205.766160226849,286.748118075484,0.663801862236055,2.15924266749512,492.514278302333
52,"I",0,"Q + gaze",0.106666666666667,141.90120109314,0.203402491609506,0.619618546306369,0.508731414230395,205.766160226849,286.748118075484,0.663801862236055,2.15924266749512,492.514278302333
52,"I",0,"softmax(Q)",0.0345833333333333,141.90120109314,0.203402491609506,0.619618546306369,0.508731414230395,205.766160226849,286.748118075484,0.663801862236055,2.15924266749512,492.514278302333
52,"I",0,"softmax(Q * gaze)",0.0608333333333333,141.90120109314,0.203402491609506,0.619618546306369,0.508731414230395,205.766160226849,286.748118075484,0.663801862236055,2.15924266749512,492.514278302333
52,"I",0,"softmax(Q) * gaze",0.0925,141.90120109314,0.203402491609506,0.619618546306369,0.508731414230395,205.766160226849,286.748118075484,0.663801862236055,2.15924266749512,492.514278302333
52,"I",0,"softmax(Q) + gaze",0.0466666666666667,141.90120109314,0.203402491609506,0.619618546306369,0.508731414230395,205.766160226849,286.748118075484,0.663801862236055,2.15924266749512,492.514278302333
52,"I",0,"softmax(Q + gaze)",0.0379166666666667,141.90120109314,0.203402491609506,0.619618546306369,0.508731414230395,205.766160226849,286.748118075484,0.663801862236055,2.15924266749512,492.514278302333
53,"I",1,"Q",0.29125,78.2476786145047,0.0236707977047346,0.365829763295108,0.0277844021129565,159.668092968147,242.566054368309,0.0456254423607652,44.9937637227648,402.234147336456
53,"I",1,"Q * gaze",0.43375,78.2476786145047,0.0236707977047346,0.365829763295108,0.0277844021129565,159.668092968147,242.566054368309,0.0456254423607652,44.9937637227648,402.234147336456
53,"I",1,"Q + gaze",0.32,78.2476786145047,0.0236707977047346,0.365829763295108,0.0277844021129565,159.668092968147,242.566054368309,0.0456254423607652,44.9937637227648,402.234147336456
53,"I",1,"softmax(Q)",0.94375,78.2476786145047,0.0236707977047346,0.365829763295108,0.0277844021129565,159.668092968147,242.566054368309,0.0456254423607652,44.9937637227648,402.234147336456
53,"I",1,"softmax(Q * gaze)",0.464166666666667,78.2476786145047,0.0236707977047346,0.365829763295108,0.0277844021129565,159.668092968147,242.566054368309,0.0456254423607652,44.9937637227648,402.234147336456
53,"I",1,"softmax(Q) * gaze",0.78375,78.2476786145047,0.0236707977047346,0.365829763295108,0.0277844021129565,159.668092968147,242.566054368309,0.0456254423607652,44.9937637227648,402.234147336456
53,"I",1,"softmax(Q) + gaze",0.93875,78.2476786145047,0.0236707977047346,0.365829763295108,0.0277844021129565,159.668092968147,242.566054368309,0.0456254423607652,44.9937637227648,402.234147336456
53,"I",1,"softmax(Q + gaze)",0.942083333333333,78.2476786145047,0.0236707977047346,0.365829763295108,0.0277844021129565,159.668092968147,242.566054368309,0.0456254423607652,44.9937637227648,402.234147336456
54,"I",0.0833333333333333,"Q",0.104583333333333,85.2523793100934,0.0543214278748807,0.440940112696328,0.430874107781974,252.800087783913,464.165520240941,0.778295624591577,3.44769197781511,716.965608024854
54,"I",0.0833333333333333,"Q * gaze",0.137916666666667,85.2523793100934,0.0543214278748807,0.440940112696328,0.430874107781974,252.800087783913,464.165520240941,0.778295624591577,3.44769197781511,716.965608024854
54,"I",0.0833333333333333,"Q + gaze",0.135416666666667,85.2523793100934,0.0543214278748807,0.440940112696328,0.430874107781974,252.800087783913,464.165520240941,0.778295624591577,3.44769197781511,716.965608024854
54,"I",0.0833333333333333,"softmax(Q)",0.0254166666666667,85.2523793100934,0.0543214278748807,0.440940112696328,0.430874107781974,252.800087783913,464.165520240941,0.778295624591577,3.44769197781511,716.965608024854
54,"I",0.0833333333333333,"softmax(Q * gaze)",0.0545833333333333,85.2523793100934,0.0543214278748807,0.440940112696328,0.430874107781974,252.800087783913,464.165520240941,0.778295624591577,3.44769197781511,716.965608024854
54,"I",0.0833333333333333,"softmax(Q) * gaze",0.05875,85.2523793100934,0.0543214278748807,0.440940112696328,0.430874107781974,252.800087783913,464.165520240941,0.778295624591577,3.44769197781511,716.965608024854
54,"I",0.0833333333333333,"softmax(Q) + gaze",0.0491666666666667,85.2523793100934,0.0543214278748807,0.440940112696328,0.430874107781974,252.800087783913,464.165520240941,0.778295624591577,3.44769197781511,716.965608024854
54,"I",0.0833333333333333,"softmax(Q + gaze)",0.0354166666666667,85.2523793100934,0.0543214278748807,0.440940112696328,0.430874107781974,252.800087783913,464.165520240941,0.778295624591577,3.44769197781511,716.965608024854
55,"I",0.75,"Q",0.569166666666667,122.551697344228,0.117312118594703,0.304495573446921,0.401430292913286,88.0572570007995,352.706070625309,0.0224451793115619,1.48957336539947,440.763327626109
55,"I",0.75,"Q * gaze",0.485833333333333,122.551697344228,0.117312118594703,0.304495573446921,0.401430292913286,88.0572570007995,352.706070625309,0.0224451793115619,1.48957336539947,440.763327626109
55,"I",0.75,"Q + gaze",0.555833333333333,122.551697344228,0.117312118594703,0.304495573446921,0.401430292913286,88.0572570007995,352.706070625309,0.0224451793115619,1.48957336539947,440.763327626109
55,"I",0.75,"softmax(Q)",0.597083333333333,122.551697344228,0.117312118594703,0.304495573446921,0.401430292913286,88.0572570007995,352.706070625309,0.0224451793115619,1.48957336539947,440.763327626109
55,"I",0.75,"softmax(Q * gaze)",0.51125,122.551697344228,0.117312118594703,0.304495573446921,0.401430292913286,88.0572570007995,352.706070625309,0.0224451793115619,1.48957336539947,440.763327626109
55,"I",0.75,"softmax(Q) * gaze",0.54875,122.551697344228,0.117312118594703,0.304495573446921,0.401430292913286,88.0572570007995,352.706070625309,0.0224451793115619,1.48957336539947,440.763327626109
55,"I",0.75,"softmax(Q) + gaze",0.602083333333333,122.551697344228,0.117312118594703,0.304495573446921,0.401430292913286,88.0572570007995,352.706070625309,0.0224451793115619,1.48957336539947,440.763327626109
55,"I",0.75,"softmax(Q + gaze)",0.579166666666667,122.551697344228,0.117312118594703,0.304495573446921,0.401430292913286,88.0572570007995,352.706070625309,0.0224451793115619,1.48957336539947,440.763327626109
56,"I",0.708333333333333,"Q",0.445833333333333,110.006847771304,0.0865922285464832,0.260240369015032,0.137761487536122,79.8104730463045,96.5351963690783,0.166680643026823,10.438874571739,176.345669415383
56,"I",0.708333333333333,"Q * gaze",0.496666666666667,110.006847771304,0.0865922285464832,0.260240369015032,0.137761487536122,79.8104730463045,96.5351963690783,0.166680643026823,10.438874571739,176.345669415383
56,"I",0.708333333333333,"Q + gaze",0.4375,110.006847771304,0.0865922285464832,0.260240369015032,0.137761487536122,79.8104730463045,96.5351963690783,0.166680643026823,10.438874571739,176.345669415383
56,"I",0.708333333333333,"softmax(Q)",0.586666666666667,110.006847771304,0.0865922285464832,0.260240369015032,0.137761487536122,79.8104730463045,96.5351963690783,0.166680643026823,10.438874571739,176.345669415383
56,"I",0.708333333333333,"softmax(Q * gaze)",0.486666666666667,110.006847771304,0.0865922285464832,0.260240369015032,0.137761487536122,79.8104730463045,96.5351963690783,0.166680643026823,10.438874571739,176.345669415383
56,"I",0.708333333333333,"softmax(Q) * gaze",0.528333333333333,110.006847771304,0.0865922285464832,0.260240369015032,0.137761487536122,79.8104730463045,96.5351963690783,0.166680643026823,10.438874571739,176.345669415383
56,"I",0.708333333333333,"softmax(Q) + gaze",0.589583333333333,110.006847771304,0.0865922285464832,0.260240369015032,0.137761487536122,79.8104730463045,96.5351963690783,0.166680643026823,10.438874571739,176.345669415383
56,"I",0.708333333333333,"softmax(Q + gaze)",0.634166666666667,110.006847771304,0.0865922285464832,0.260240369015032,0.137761487536122,79.8104730463045,96.5351963690783,0.166680643026823,10.438874571739,176.345669415383
57,"I",1,"Q",0.37625,82.6445937940808,0.0396565406235151,0.396574087368774,0.0282696676253713,210.832929473657,206.140567352009,0.0694246341645214,48.7064338466879,416.973496825667
57,"I",1,"Q * gaze",0.520416666666667,82.6445937940808,0.0396565406235151,0.396574087368774,0.0282696676253713,210.832929473657,206.140567352009,0.0694246341645214,48.7064338466879,416.973496825667
57,"I",1,"Q + gaze",0.409583333333333,82.6445937940808,0.0396565406235151,0.396574087368774,0.0282696676253713,210.832929473657,206.140567352009,0.0694246341645214,48.7064338466879,416.973496825667
57,"I",1,"softmax(Q)",0.977083333333333,82.6445937940808,0.0396565406235151,0.396574087368774,0.0282696676253713,210.832929473657,206.140567352009,0.0694246341645214,48.7064338466879,416.973496825667
57,"I",1,"softmax(Q * gaze)",0.574166666666667,82.6445937940808,0.0396565406235151,0.396574087368774,0.0282696676253713,210.832929473657,206.140567352009,0.0694246341645214,48.7064338466879,416.973496825667
57,"I",1,"softmax(Q) * gaze",0.879166666666667,82.6445937940808,0.0396565406235151,0.396574087368774,0.0282696676253713,210.832929473657,206.140567352009,0.0694246341645214,48.7064338466879,416.973496825667
57,"I",1,"softmax(Q) + gaze",0.975,82.6445937940808,0.0396565406235151,0.396574087368774,0.0282696676253713,210.832929473657,206.140567352009,0.0694246341645214,48.7064338466879,416.973496825667
57,"I",1,"softmax(Q + gaze)",0.970833333333333,82.6445937940808,0.0396565406235151,0.396574087368774,0.0282696676253713,210.832929473657,206.140567352009,0.0694246341645214,48.7064338466879,416.973496825667
58,"I",0,"Q",0.13125,136.112259826258,0.0166897579924231,0.292183165275282,0.272195877190284,109.694989227666,123.980065281082,0.990169017358095,6.75062793205268,233.675054508748
58,"I",0,"Q * gaze",0.15625,136.112259826258,0.0166897579924231,0.292183165275282,0.272195877190284,109.694989227666,123.980065281082,0.990169017358095,6.75062793205268,233.675054508748
58,"I",0,"Q + gaze",0.15625,136.112259826258,0.0166897579924231,0.292183165275282,0.272195877190284,109.694989227666,123.980065281082,0.990169017358095,6.75062793205268,233.675054508748
58,"I",0,"softmax(Q)",0.0658333333333333,136.112259826258,0.0166897579924231,0.292183165275282,0.272195877190284,109.694989227666,123.980065281082,0.990169017358095,6.75062793205268,233.675054508748
58,"I",0,"softmax(Q * gaze)",0.11625,136.112259826258,0.0166897579924231,0.292183165275282,0.272195877190284,109.694989227666,123.980065281082,0.990169017358095,6.75062793205268,233.675054508748
58,"I",0,"softmax(Q) * gaze",0.110416666666667,136.112259826258,0.0166897579924231,0.292183165275282,0.272195877190284,109.694989227666,123.980065281082,0.990169017358095,6.75062793205268,233.675054508748
58,"I",0,"softmax(Q) + gaze",0.103333333333333,136.112259826258,0.0166897579924231,0.292183165275282,0.272195877190284,109.694989227666,123.980065281082,0.990169017358095,6.75062793205268,233.675054508748
58,"I",0,"softmax(Q + gaze)",0.075,136.112259826258,0.0166897579924231,0.292183165275282,0.272195877190284,109.694989227666,123.980065281082,0.990169017358095,6.75062793205268,233.675054508748
